iata,country,size,city
AAA,PF,M,Anaa
AAC,EG,L,El Arish
AAE,DZ,L,Annaba
AAK,KI,S,Buariki
AAL,DK,L,Aalborg
AAN,AE,L,Al Ain
AAP,ID,M,Samarinda
AAQ,RU,M,Krasnyi Kurgan
AAR,DK,L,Aarhus
AAT,CN,M,Altay
AAX,BR,M,Araxá
AAY,YE,M,Al Ghaydah
AAZ,GT,S,Quezaltenango
ABA,RU,L,Abakan
ABB,NG,L,Asaba
ABD,IR,L,Abadan
ABE,US,M,Allentown/Bethlehem
ABI,US,M,Abilene
ABJ,CI,L,Abidjan
ABK,ET,M,Kebri Dahar
ABL,US,M,Ambler
ABM,AU,S,Bamaga
ABQ,US,L,Albuquerque
ABR,US,M,Aberdeen
ABS,EG,M,Abu Simbel
ABT,SA,M,Al-Baha
ABU,ID,S,Atambua
ABV,NG,L,Abuja
ABX,AU,M,East Albury
ABY,US,M,Albany
ABZ,GB,L,Aberdeen
ACA,MX,L,Acapulco
ACC,GH,L,Accra
ACE,ES,L,San Bartolomé
ACF,CN,S,Aral
ACH,CH,M,St. Gallen
ACI,GG,M,Saint Anne
ACK,US,M,Nantucket
ACT,US,M,Waco
ACV,US,M,Arcata/Eureka
ACX,CN,M,Xingyi
ACY,US,M,Atlantic City
ADB,TR,L,Gaziemir
ADD,ET,L,Addis Ababa
ADE,YE,L,Aden
ADF,TR,M,Adıyaman
ADJ,JO,L,Amman
ADK,US,M,Adak
ADL,AU,L,Adelaide
ADQ,US,M,Kodiak
ADU,IR,M,Ardabil
ADZ,CO,L,San Andrés
AEB,CN,M,Baise (Tianyang)
AEP,AR,L,Buenos Aires
AER,RU,L,Sochi
AES,NO,L,Ålesund
AET,US,S,Allakaket
AEU,IR,M,Abu Musa
AEX,US,M,Alexandria
AEY,IS,L,Akureyri
AFA,AR,M,San Rafael
AFL,BR,M,Alta Floresta
AFZ,IR,M,Sabzevar
AGA,MA,L,Agadir (Temsia)
AGE,DE,S,Wangerooge
AGH,SE,M,Ängelholm
AGI,SR,S,Wageningen
AGJ,JP,S,Aguni
AGP,ES,L,Málaga
AGR,IN,M,Agra
AGS,US,M,Augusta
AGT,PY,L,Ciudad del Este
AGU,MX,L,Aguascalientes
AGX,IN,M,Agatti
AHA,IN,M,Ambikapur
AHB,SA,L,Abha
AHE,PF,M,Ahe Atoll
AHO,IT,M,Alghero
AHU,MA,M,Al Hoceima
AIA,US,M,Alliance
AIN,US,M,Wainwright
AIP,IN,S,Adampur
AIT,CK,S,Aitutaki
AIU,CK,S,Atiu Island
AJA,FR,M,Ajaccio
AJF,SA,L,Al-Jawf
AJI,TR,M,Ağrı
AJL,IN,M,Aizawl (Lengpui)
AJN,KM,M,Ouani
AJR,SE,M,Arvidsjaur
AJU,BR,M,Aracaju
AKA,CN,S,Ankang (Hanbin)
AKB,US,S,Atka
AKD,IN,M,Akola
AKF,LY,M,Kufra
AKI,US,S,Akiak
AKJ,JP,M,Higashikagura
AKK,US,S,Akhiok
AKL,NZ,L,Auckland
AKN,US,M,King Salmon
AKP,US,M,Anaktuvuk Pass
AKR,NG,M,Akure
AKS,SB,S,Auki
AKU,CN,M,Aksu (Onsu)
AKV,CA,S,Akulivik
AKX,KZ,L,Aktobe
AKY,MM,M,Sittwe
ALA,KZ,L,Almaty
ALB,US,L,Albany
ALC,ES,L,Alicante
ALF,NO,M,Alta
ALG,DZ,L,Algiers
ALH,AU,M,Albany
ALO,US,M,Waterloo
ALP,SY,L,Aleppo
ALS,US,M,Alamosa
ALW,US,M,Walla Walla
AMA,US,M,Amarillo
AMD,IN,L,Ahmedabad
AMH,ET,M,Arba Minch
AMM,JO,L,Amman
AMQ,ID,L,Ambon
AMS,NL,L,Amsterdam
AMV,RU,M,Amderma
ANC,US,L,Anchorage
ANF,CL,L,Antofagasta
ANI,US,M,Aniak
ANR,BE,M,Antwerp
ANS,PE,S,Andahuaylas
ANU,AG,L,Osbourn
ANV,US,M,Anvik
ANX,NO,M,Andenes
AOE,TR,L,Eskişehir
AOG,CN,M,Anshan
AOI,IT,M,Falconara Marittima (AN)
AOJ,JP,L,Aomori
AOK,GR,M,Karpathos Island
AOO,US,M,Altoona
AOR,MY,M,Alor Satar
APK,PF,S,Apataki
APL,MZ,L,Nampula
APN,US,M,Alpena
APO,CO,M,Carepa
APW,WS,L,Apia
AQA,BR,M,Araraquara
AQG,CN,M,Anqing
AQI,SA,L,Qaisumah
AQJ,JO,L,Aqaba
AQP,PE,L,Arequipa
ARC,US,M,Arctic Village
ARD,ID,S,Kabola
ARH,RU,M,Archangelsk
ARI,CL,M,Arica
ARK,TZ,M,Arusha
ARM,AU,M,Armidale
ARN,SE,L,Stockholm
ART,US,M,Watertown
ARU,BR,M,Araçatuba
ARW,RO,M,Arad
ASB,TM,L,Ashgabat
ASD,BS,M,Andros Town
ASE,US,M,Aspen
ASF,RU,L,Astrakhan
ASI,SH,M,Cat Hill
ASJ,JP,M,Amami
ASM,ER,M,Asmara
ASO,ET,M,Asosa
ASP,AU,M,Alice Springs
ASR,TR,L,Kayseri
ASU,PY,L,Asunción
ASV,KE,M,Ol Tukai
ASW,EG,L,Aswan
ATC,BS,M,Arthur's Town
ATH,GR,L,Spata-Artemida
ATK,US,M,Atqasuk
ATL,US,L,Atlanta
ATM,BR,M,Altamira
ATQ,IN,L,Amritsar
ATT,US,S,Atmautluak
ATW,US,M,Appleton
ATY,US,M,Watertown
ATZ,EG,L,Asyut
AUA,AW,L,Oranjestad
AUC,CO,M,Arauca
AUG,US,M,Augusta
AUH,AE,L,Abu Dhabi
AUK,US,S,Alakanuk
AUL,MH,S,Aur Atoll
AUQ,PF,M,Hiva Oa Island
AUR,FR,M,Aurillac
AUS,US,L,Austin
AUU,AU,S,Aurukun
AUX,BR,M,Araguaína
AVA,CN,M,Anshun (Xixiu)
AVK,MN,M,Arvaikheer
AVL,US,M,Asheville
AVN,FR,M,Avignon
AVP,US,M,Wilkes-Barre/Scranton
AVR,IN,M,Amravati
AVV,AU,L,Geelong/Melbourne
AWA,ET,L,Hawassa
AWK,UM,M,Wake Island
AWZ,IR,L,Ahvaz
AXA,AI,M,The Valley
AXD,GR,M,Alexandroupolis
AXF,CN,M,Bayanhot
AXJ,JP,M,Amakusa
AXM,CO,M,Armenia
AXP,BS,M,Spring Point
AXR,PF,M,
AXT,JP,M,Akita
AXU,ET,M,Axum
AYJ,IN,M,Faizabad
AYP,PE,M,Ayacucho
AYQ,AU,M,Yulara
AYT,TR,L,Antalya
AZA,US,M,Mesa
AZD,IR,M,Yazd
AZH,IN,S,Azamgarh
AZN,UZ,M,Andijan
AZO,US,M,Kalamazoo
AZR,DZ,M,Adrar
AZS,DO,M,Samana
BAH,BH,L,Manama
BAL,TR,M,Batman
BAQ,CO,L,Barranquilla
BAR,CN,M,Qionghai (Basuo)
BAS,SB,S,Ballalae
BAV,CN,L,Baotou
BAX,RU,L,Barnaul
BAY,RO,M,Tăuții-Măgherăuș
BAZ,BR,S,Barcelos
BBA,CL,M,Balmaceda
BBG,KI,S,Butaritari
BBI,IN,L,Bhubaneswar
BBK,BW,L,Kasane
BBM,KH,M,Battambang
BBN,MY,M,Bario
BBO,SO,M,Berbera
BBQ,AG,M,Codrington
BBR,GP,S,Basse-Terre
BBU,RO,L,Bucharest
BCA,CU,M,Baracoa
BCD,PH,L,Bacolod City
BCH,TL,M,Baucau
BCI,AU,M,Barcaldine
BCM,RO,L,Bacău
BCN,ES,L,Barcelona
BCO,ET,M,Jinka
BCU,NG,L,Bauchi
BDA,BM,L,Hamilton
BDB,AU,M,Bundaberg
BDD,AU,S,Badu Island
BDH,IR,M,Bandar Lengeh
BDJ,ID,L,Banjarbaru
BDL,US,L,Hartford
BDO,ID,M,Bandung
BDP,NP,S,Bhadrapur
BDQ,IN,L,Vadodara
BDS,IT,L,Brindisi
BDT,CD,M,Gbadolite
BDU,NO,M,Målselv
BEB,GB,M,Balivanich
BED,US,M,Bedford
BEF,NI,M,Bluefields
BEG,RS,L,Belgrade
BEJ,ID,M,Tanjung Redeb - Borneo Island
BEK,IN,M,Bareilly
BEL,BR,L,Belém
BEM,MA,L,Oulad Yaich
BEN,LY,L,Benina
BEP,IN,M,Bellary
BER,DE,L,Berlin
BES,FR,L,Brest
BET,US,M,Bethel
BEU,AU,M,Bedourie
BEW,MZ,L,Beira
BEY,LB,L,Beirut
BFD,US,M,Bradford
BFF,US,M,Scottsbluff
BFI,US,M,Seattle
BFJ,CN,M,Bijie
BFL,US,M,Bakersfield
BFN,ZA,L,Bloemfontein
BFQ,PA,S,Puerto Piña
BFS,GB,L,Belfast
BFV,TH,M,Buriram
BFY,CN,M,Bengbu
BGA,CO,M,Bucaramanga
BGC,PT,M,Bragança
BGF,CF,L,Bangui
BGG,TR,S,Bingöl
BGI,BB,L,Bridgetown
BGK,BZ,S,Big Creek
BGM,US,M,Binghamton
BGO,NO,L,Bergen
BGR,US,M,Bangor
BGW,IQ,L,Baghdad
BGY,IT,L,Orio al Serio (BG)
BHB,US,M,Bar Harbor
BHD,GB,M,Belfast
BHE,NZ,M,Blenheim
BHH,SA,M,Bisha
BHI,AR,M,Bahía Blanca
BHJ,IN,M,Bhuj
BHK,UZ,L,Bukhara
BHM,US,L,Birmingham
BHO,IN,L,Bhopal
BHQ,AU,M,Broken Hill
BHR,NP,S,Bharatpur
BHS,AU,M,Bathurst
BHU,IN,M,Bhavnagar
BHV,PK,M,Bahawalpur
BHX,GB,L,"Birmingham, West Midlands"
BHY,CN,M,Beihai
BIA,FR,L,Bastia
BID,US,S,Block Island
BIH,US,M,Bishop
BIK,ID,M,Biak
BIL,US,M,Billings
BIM,BS,M,South Bimini
BIO,ES,L,Bilbao
BIQ,FR,M,Biarritz
BIR,NP,M,Biratnagar
BIS,US,M,Bismarck
BJA,DZ,L,Béjaïa
BJB,IR,M,Bojnord
BJC,US,M,Denver
BJF,NO,M,Båtsfjord
BJL,GM,L,Banjul (Yundum)
BJM,BI,L,Bujumbura
BJR,ET,M,Bahir Dar
BJV,TR,L,Bodrum
BJX,MX,L,Silao
BJZ,ES,M,Badajoz
BKB,IN,M,Bikaner
BKC,US,S,Buckland
BKG,US,M,Branson
BKI,MY,L,Kota Kinabalu
BKK,TH,L,Bangkok
BKM,MY,S,Bakalalan
BKN,TM,M,Balkanabat
BKO,ML,L,Bamako
BKQ,AU,M,Blackall
BKS,ID,M,Bengkulu
BKW,US,M,Beaver
BKZ,TZ,S,Bukoba
BLA,VE,L,Barcelona
BLB,PA,S,Panamá City
BLD,US,M,Boulder City
BLE,SE,M,Borlange
BLI,US,M,Bellingham
BLJ,DZ,L,Batna
BLL,DK,L,Billund
BLQ,IT,L,Bologna
BLR,IN,L,Bengaluru
BLV,US,M,Belleville
BLW,SO,S,Beledweyne
BLZ,MW,L,Blantyre
BMA,SE,M,Stockholm
BME,AU,L,Broome
BMI,US,M,Bloomington/Normal
BMK,DE,S,Borkum
BMO,MM,S,Banmaw
BMR,DE,S,Baltrum
BMU,ID,M,Bima
BMV,VN,M,Buon Ma Thuot
BMW,DZ,M,Bordj Badji Mokhtar
BMY,NC,S,Waala
BNA,US,L,Nashville
BNB,CD,S,Boende
BND,IR,L,Bandar Abbas
BNE,AU,L,Brisbane
BNI,NG,M,Benin
BNK,AU,M,Ballina
BNN,NO,M,Brønnøy
BNS,VE,M,Barinas
BNX,BA,L,Mahovljani
BNY,SB,S,Anua
BOB,PF,M,Motu Mute
BOC,PA,M,Isla Colón
BOD,FR,L,Bordeaux
BOG,CO,L,Bogota
BOH,GB,M,Bournemouth
BOI,US,L,Boise
BOJ,BG,L,Burgas
BOM,IN,L,Mumbai
BON,BQ,L,Kralendijk
BOO,NO,L,Bodø
BOR,LA,M,Ton Phueng
BOS,US,L,Boston
BOT,PG,S,Bosset
BOY,BF,L,Bobo Dioulasso
BPE,CN,M,Qinhuangdao (Changli)
BPL,CN,M,Bole
BPM,IN,M,Hyderabad
BPN,ID,L,Balikpapan
BPS,BR,L,Porto Seguro
BPT,US,M,Beaumont/Port Arthur
BPX,CN,M,Bangda
BPY,MG,M,Besalampy
BQB,AU,S,Busselton
BQG,RU,S,Bogorodskoye
BQJ,RU,S,Batagay
BQK,US,M,Brunswick
BQL,AU,M,
BQN,PR,M,Aguadilla
BQS,RU,M,Blagoveschensk
BQT,BY,L,Brest
BQU,VC,M,Bequia
BRA,BR,S,Barreiras
BRC,AR,L,San Carlos de Bariloche
BRD,US,M,Brainerd
BRE,DE,L,Bremen
BRI,IT,L,Bari
BRK,AU,M,
BRL,US,M,Burlington
BRM,VE,L,Barquisimeto
BRN,CH,M,Bern
BRO,US,M,Brownsville
BRQ,CZ,M,Brno
BRR,GB,M,Eoligarry
BRS,GB,L,Bristol
BRU,BE,L,Zaventem
BRW,US,M,Utqiaġvik
BRX,DO,M,Barahona
BSA,SO,L,Bosaso
BSB,BR,L,Brasília
BSC,CO,M,Bahía Solano
BSD,CN,M,Baoshan (Longyang)
BSG,GQ,L,Bata
BSK,DZ,L,Biskra
BSL,FR,L,Bâle / Mulhouse
BSO,PH,M,Basco
BSR,IQ,L,Basra
BSX,MM,S,Pathein
BSZ,KG,L,Bishkek
BTC,LK,M,Batticaloa
BTH,ID,L,Batam
BTI,US,M,Barter Island
BTJ,ID,L,Banda Aceh
BTK,RU,M,Bratsk
BTM,US,M,Butte
BTR,US,M,Baton Rouge
BTS,SK,L,Bratislava
BTT,US,S,Bettles
BTU,MY,M,Bintulu
BTV,US,M,Burlington
BTW,ID,S,Batu Licin
BUA,PG,M,Buka Island
BUC,AU,S,
BUD,HU,L,Budapest
BUF,US,L,Buffalo
BUI,ID,S,Bokondini
BUN,CO,M,Buenaventura
BUP,IN,M,
BUQ,ZW,L,Bulawayo
BUR,US,L,Burbank
BUS,GE,L,Batumi
BUT,BT,S,Jakar
BUU,ID,S,Muara Bungo
BUX,CD,M,Bunia
BUZ,IR,M,Bushehr
BVA,FR,L,Beauvais
BVB,BR,L,Boa Vista
BVC,CV,L,Rabil
BVE,FR,M,Brive
BVG,NO,M,Berlevåg
BVH,BR,M,Vilhena
BVI,AU,M,
BVJ,RU,M,Bovanenkovo
BVS,BR,S,Breves
BWA,NP,L,Siddharthanagar (Bhairahawa)
BWI,US,L,Baltimore
BWK,HR,M,Gornji Humac
BWN,BN,L,Bandar Seri Begawan
BWO,RU,M,Balakovo
BWT,AU,M,Burnie
BWX,ID,S,"Rogojampi, Banyuwangi"
BXG,AU,S,
BXH,KZ,M,Balkhash
BXR,IR,M,Bam
BXT,ID,S,Bontang-Borneo Island
BXU,PH,M,Butuan
BXY,KZ,L,Baikonur
BYK,CI,M,Bouaké
BYM,CU,M,Bayamo
BYN,MN,M,Bayankhongor
BYO,BR,S,Bonito
BYR,DK,S,Læsø
BYW,US,S,Blakely Island
BZE,BZ,L,Belize City
BZG,PL,M,Bydgoszcz
BZI,TR,M,Balıkesir
BZK,RU,M,Bryansk
BZL,BD,M,Barisal
BZN,US,M,Bozeman
BZO,IT,M,Bolzano (BZ)
BZR,FR,M,Béziers
BZV,CG,L,Brazzaville
BZX,CN,M,Bazhong
CAB,AO,M,Cabinda
CAC,BR,M,Cascavel
CAE,US,M,Columbia
CAF,BR,S,Carauari
CAG,IT,L,Cagliari
CAH,VN,M,Ca Mau City
CAI,EG,L,Cairo
CAJ,VE,M,Canaima
CAK,US,M,Akron
CAL,GB,M,Campbeltown
CAN,CN,L,Guangzhou (Huadu)
CAP,HT,L,Cap Haitien
CAT,PT,M,Cascais
CAU,BR,S,Caruaru
CAW,BR,M,Campos dos Goytacazes
CAY,GF,L,Matoury
CAZ,AU,M,
CBB,BO,L,Cochabamba
CBD,IN,M,IAF Camp
CBH,DZ,M,Béchar
CBO,PH,M,Datu Odin Sinsuat
CBQ,NG,M,Calabar
CBR,AU,M,Canberra
CBT,AO,M,Catumbela
CCA,BO,S,Chimore
CCC,CU,M,Cayo Coco
CCE,EG,M,New Cairo
CCF,FR,M,Carcassonne
CCJ,IN,L,Calicut
CCK,CC,L,West Island
CCP,CL,L,Concepcion
CCR,US,M,Concord
CCS,VE,L,Maiquetía
CCU,IN,L,Kolkata
CCV,VU,S,Craig Cove
CCZ,BS,M,Chub Cay
CDB,US,M,Cold Bay
CDC,US,M,Cedar City
CDE,CN,M,Chengde
CDG,FR,L,"Paris (Roissy-en-France, Val-d'Oise)"
CDP,IN,M,Kadapa
CDR,US,M,Chadron
CDT,ES,M,Castellón de la Plana
CDV,US,M,Cordova
CEB,PH,L,Cebu City/Lapu-Lapu City
CEC,US,M,Crescent City
CED,AU,M,
CEE,RU,M,Cherepovets
CEI,TH,L,Chiang Rai
CEK,RU,L,Chelyabinsk
CEL,BR,S,Canela
CEM,US,S,Central
CEN,MX,M,Ciudad Obregón
CEZ,US,M,Cortez
CFB,BR,S,Cabo Frio
CFE,FR,L,Clermont-Ferrand
CFG,CU,M,Cienfuegos
CFK,DZ,L,Chlef
CFN,IE,M,Donegal
CFR,FR,M,Caen
CFS,AU,M,Coffs Harbour
CFU,GR,L,Kerkyra (Corfu)
CGB,BR,L,Cuiabá
CGD,CN,M,Changde (Dingcheng)
CGH,BR,L,São Paulo
CGI,US,M,Cape Girardeau
CGK,ID,L,Jakarta
CGM,PH,M,Mambajao
CGN,DE,L,Köln (Cologne)
CGO,CN,L,Zhengzhou
CGP,BD,L,Chattogram (Chittagong)
CGQ,CN,L,Changchun
CGR,BR,M,Campo Grande
CGY,PH,L,Laguindingan
CHA,US,M,Chattanooga
CHC,NZ,L,Christchurch
CHG,CN,M,"Shuangta, Chaoyang"
CHH,PE,M,Chachapoyas
CHM,PE,M,Chimbote
CHO,US,M,Charlottesville
CHQ,GR,L,Souda
CHS,US,L,Charleston
CHT,NZ,M,Te One
CHU,US,S,Chuathbaluk
CHX,PA,M,Changuinola
CHY,SB,S,Choiseul Bay
CIA,IT,L,Rome
CID,US,M,Cedar Rapids
CIF,CN,M,Chifeng
CIH,CN,S,Changzhi
CIJ,BO,M,Cobija
CIK,US,S,Chalkyitsik
CIT,KZ,L,Shymkent
CIU,US,M,Kincheloe
CIW,VC,M,Canouan
CIX,PE,L,Chiclayo
CIY,IT,M,Comiso
CJA,PE,M,Cajamarca
CJB,IN,L,Coimbatore
CJC,CL,M,Calama
CJJ,KR,L,Cheongju
CJL,PK,M,Chitral
CJM,TH,M,Chumphon
CJN,ID,S,Cijulang
CJS,MX,L,Ciudad Juárez
CJU,KR,L,Jeju City
CJZ,BR,S,Cajazeiras
CKB,US,M,Bridgeport
CKD,US,S,Crooked Creek
CKG,CN,L,Chongqing
CKH,RU,M,Chokurdah
CKS,BR,M,Parauapebas
CKW,AU,S,Christmas Creek Mine
CKX,US,S,Chicken
CKY,GN,L,Conakry
CKZ,TR,M,Çanakkale
CLD,US,M,Carlsbad
CLE,US,L,Cleveland
CLJ,RO,L,Cluj-Napoca
CLL,US,M,College Station
CLO,CO,L,Cali
CLP,US,S,Clarks Point
CLQ,MX,M,Colima
CLT,US,L,Charlotte
CLV,BR,S,Caldas Novas
CLY,FR,M,Calvi
CMA,AU,M,
CMB,LK,L,Colombo
CME,MX,M,Ciudad del Carmen
CMF,FR,M,Chambéry
CMG,BR,M,Corumbá
CMH,US,L,Columbus
CMI,US,M,Savoy
CMN,MA,L,Casablanca
CMU,PG,M,Kundiawa
CMW,CU,L,Camaguey
CMX,US,M,Hancock
CNB,AU,M,
CNC,AU,S,
CND,RO,L,Constanța
CNF,BR,L,Belo Horizonte
CNI,CN,S,Dalian (Changhai)
CNJ,AU,M,Cloncurry
CNM,US,M,Carlsbad
CNN,IN,L,Kannur
CNP,GL,M,Neerlerit Inaat
CNQ,AR,M,Corrientes
CNS,AU,L,Cairns
CNX,TH,L,Chiang Mai
CNY,US,M,Moab
COD,US,M,Cody
COH,IN,S,Cooch Behar
COK,IN,L,Kochi
COL,GB,S,Coll Island
COO,BJ,L,Cotonou
COQ,MN,M,
COR,AR,L,Cordoba
COS,US,L,Colorado Springs
COU,US,M,Columbia
COV,TR,L,Tarsus
CPC,AR,M,Chapelco/San Martin de los Andes
CPD,AU,M,Coober Pedy
CPE,MX,M,Campeche
CPH,DK,L,Copenhagen
CPO,CL,M,Copiapo
CPR,US,M,Casper
CPT,ZA,L,Cape Town
CPV,BR,M,Campina Grande
CPX,PR,M,Culebra
CQW,CN,M,Wulong
CRA,RO,L,Craiova
CRD,AR,L,Comodoro Rivadavia
CRI,BS,M,Colonel Hill
CRK,PH,L,Mabalacat
CRL,BE,L,Charleroi
CRM,PH,M,Catarman
CRP,US,M,Corpus Christi
CRU,GD,S,Carriacou Island
CRV,IT,M,Isola di Capo Rizzuto (KR)
CRW,US,M,Charleston
CRZ,TM,L,Türkmenabat
CSA,GB,S,Colonsay
CSG,US,M,Columbus
CSH,RU,S,Solovetsky Islands
CSK,SN,M,Cap Skirring
CSW,MX,M,Cabo San Lucas
CSX,CN,L,Changsha (Changsha)
CSY,RU,M,Cheboksary
CTA,IT,L,Catania
CTC,AR,M,Catamarca
CTD,PA,M,Chitré
CTG,CO,L,Cartagena
CTL,AU,M,Charleville
CTM,MX,M,Chetumal
CTN,AU,M,
CTS,JP,L,Sapporo
CTU,CN,L,Chengdu (Shuangliu)
CUA,MX,S,Comondú
CUC,CO,M,Cúcuta
CUE,EC,M,Cuenca
CUF,IT,M,Levaldigi (CN)
CUK,BZ,M,Caye Caulker
CUL,MX,L,Culiacán
CUM,VE,M,Cumaná
CUN,MX,L,Cancún
CUP,VE,M,Carúpano
CUQ,AU,M,Coen
CUR,CW,L,Willemstad
CUU,MX,L,Chihuahua
CUZ,PE,L,Cusco
CVG,US,L,Cincinnati / Covington
CVM,MX,M,Ciudad Victoria
CVN,US,M,Clovis
CVQ,AU,M,Carnarvon
CVU,PT,S,Corvo
CWA,US,M,Mosinee
CWB,BR,L,Curitiba
CWC,UA,M,Chernivtsi
CWJ,CN,M,Lincang (Cangyuan)
CWK,IN,S,Chitrakoot
CWL,GB,L,Cardiff
CWS,US,S,Center Island
CXB,BD,M,Cox's Bazar
CXI,KI,L,Kiritimati
CXJ,BR,M,Caxias Do Sul
CXP,ID,M,Cilacap
CXR,VN,L,Nha Trang/nha Trang aiurportCam Ranh
CYA,HT,M,Les Cayes
CYB,KY,M,West End
CYC,BZ,M,Caye Chapel
CYF,US,S,Chefornak
CYI,TW,M,Shuishang
CYO,CU,M,Cayo Largo del Sur
CYP,PH,M,Calbayog City
CYS,US,M,Cheyenne
CYT,US,S,Yakataga
CYU,PH,S,Cuyo
CYX,RU,M,Cherskiy
CYZ,PH,M,Cauayan City
CZE,VE,M,Coro
CZH,BZ,M,Corozal
CZL,DZ,L,Constantine
CZM,MX,L,Cozumel
CZS,BR,M,Cruzeiro Do Sul
CZU,CO,M,Corozal
CZX,CN,M,Changzhou
DAB,US,M,Daytona Beach
DAC,BD,L,Dhaka
DAD,VN,L,Da Nang
DAL,US,L,Dallas
DAM,SY,L,Damascus
DAR,TZ,L,Dar es Salaam
DAT,CN,L,Datong
DAU,PG,M,Daru
DAV,PA,M,David
DAX,CN,S,Dazhou (Daxian)
DAY,US,M,Dayton
DBA,PK,S,Dalbandin
DBB,EG,L,El Alamein
DBC,CN,M,Baicheng
DBD,IN,M,
DBM,ET,S,Debre Markos
DBO,AU,M,Dubbo
DBQ,US,M,Dubuque
DBR,IN,M,Darbhanga
DBV,HR,L,Dubrovnik
DCA,US,L,Washington
DCF,DM,M,Canefield
DCM,FR,M,Castres
DCY,CN,M,Garzê (Daocheng)
DDC,US,M,Dodge City
DDG,CN,M,Dandong (Zhenxing)
DDR,CN,M,Xigazê (Dingri)
DEA,PK,M,Dera Ghazi Khan
DEB,HU,L,Debrecen
DEC,US,M,Decatur
DED,IN,M,Dehradun (Jauligrant)
DEE,RU,S,Yuzhno-Kurilsk
DEF,IR,M,Dezful
DEL,IN,L,New Delhi
DEM,ET,S,Dembidollo
DEN,US,L,Denver
DEP,IN,S,Daporijo
DEX,ID,S,Dekai
DFW,US,L,Dallas-Fort Worth
DGA,BZ,M,Dangriga
DGH,IN,S,Deoghar
DGO,MX,M,Durango
DGT,PH,M,Dumaguete City
DHM,IN,M,Kangra
DHN,US,M,Dothan
DHX,ID,M,Kediri
DIA,QA,L,Doha
DIB,IN,M,Dibrugarh
DIE,MG,M,Antisiranana
DIG,CN,M,Diqing (Shangri-La)
DIJ,FR,M,Dijon
DIK,US,M,Dickinson
DIL,TL,L,Dili
DIN,VN,M,Dien Bien Phu
DIR,ET,L,Dire Dawa
DIU,IN,S,Diu
DIY,TR,M,Diyarbakır
DJB,ID,S,Jambi
DJE,TN,L,Mellita
DJG,DZ,L,Djanet
DJJ,ID,L,Sentani
DKA,NG,M,Katsina
DKR,SN,L,Dakar
DLA,CM,L,Douala
DLC,CN,L,Dalian (Ganjingzi)
DLE,FR,M,Dole
DLG,US,M,Dillingham
DLH,US,M,Duluth
DLI,VN,M,Da Lat
DLM,TR,L,Dalaman
DLR,RU,S,Dalnerechensk
DLU,CN,M,Dali (Xiaguan)
DLZ,MN,M,Dalanzadgad
DMB,KZ,L,Taraz
DMD,AU,S,
DME,RU,L,Moscow
DMK,TH,L,Bangkok
DMM,SA,L,Ad Dammam
DMU,IN,M,Dimapur
DND,GB,M,Dundee
DNH,CN,L,Dunhuang
DNK,UA,M,Dnipro
DNR,FR,M,Dinard
DNZ,TR,M,Denizli
DOD,TZ,M,Dodoma
DOG,SD,M,Dongola
DOH,QA,L,Doha
DOL,FR,M,Deauville
DOM,DM,M,Marigot
DOP,NP,S,Dolpa
DOV,US,M,Dover
DOY,CN,M,Dongying (Kenli)
DPL,PH,M,Dipolog
DPO,AU,M,Devonport
DPS,ID,L,"Kuta, Badung"
DPT,RU,S,Deputatskiy
DQA,CN,S,Daqing
DQM,OM,L,Duqm
DRG,US,M,Deering
DRJ,SR,S,Drietabbetje
DRO,US,M,Durango
DRP,PH,L,Legazpi
DRS,DE,L,Dresden
DRV,MV,S,Baa Atoll
DRW,AU,L,Darwin
DSD,GP,S,Grande Anse
DSE,ET,S,Dessie
DSI,US,M,Destin
DSM,US,L,Des Moines
DSN,CN,L,Ordos
DSO,KP,M,Sŏndŏng-ni
DSS,SN,L,Dakar
DSY,KH,L,Ta Noun
DTB,ID,S,Siborong-Borong
DTD,ID,S,Datadawai-Borneo Island
DTM,DE,L,Dortmund
DTR,US,S,Decatur
DTU,CN,M,Heihe
DTW,US,L,Detroit
DUB,IE,L,Dublin
DUD,NZ,M,Dunedin
DUE,AO,M,Chitato
DUJ,US,M,Dubois
DUM,ID,M,Dumai
DUR,ZA,L,Durban
DUS,DE,L,Düsseldorf
DUT,US,M,Unalaska
DVL,US,M,Devils Lake
DVO,PH,L,Davao
DWB,MG,S,Soalala
DWC,AE,L,Dubai(Jebel Ali)
DWD,SA,M,Dawadmi
DXB,AE,L,Dubai
DXJ,CN,S,Xiangxi
DXN,IN,L,Gautam Buddha Nagar
DYG,CN,L,Zhangjiajie (Yongding)
DYR,RU,M,Anadyr
DYU,TJ,L,Dushanbe
DZA,YT,L,Dzaoudzi
DZH,CN,M,Dazhou (Dachuan)
DZN,KZ,L,Zhezkazgan
EAA,US,S,Eagle
EAM,SA,M,Najran
EAR,US,M,Kearney
EAS,ES,M,Hondarribia
EAT,US,M,Wenatchee
EAU,US,M,Eau Claire
EAX,SR,S,Kwatta
EBA,IT,M,Campo nell'Elba (LI)
EBB,UG,L,Entebbe
EBD,SD,M,El-Obeid
EBH,DZ,S,El Bayadh
EBJ,DK,M,Esbjerg
EBL,IQ,L,Arbil
ECN,CY,L,Tymbou (Kirklar)
ECP,US,M,Panama City Beach
EDI,GB,L,"Ingliston, Edinburgh"
EDL,KE,L,Eldoret
EDO,TR,L,Edremit
EDR,AU,S,Pormpuraaw
EEK,US,S,Eek
EFL,GR,M,Kefallinia Island
EGC,FR,M,Bergerac
EGE,US,M,Eagle
EGO,RU,M,Belgorod
EGS,IS,M,Egilsstaðir
EGX,US,M,Egegik
EHU,CN,L,Ezhou
EIE,RU,M,Yeniseysk
EIN,NL,L,Eindhoven
EIS,VG,L,Beef Island
EJA,CO,M,Barrancabermeja
EJH,SA,M,Al Wajh
EJT,MH,S,Enejit Island
EKO,US,M,Elko
EKS,RU,S,Shakhtyorsk
ELC,AU,M,Elcho Island
ELD,US,M,El Dorado
ELF,SD,M,El Fasher
ELG,DZ,M,El Menia
ELH,BS,M,North Eleuthera
ELI,US,S,Elim
ELM,US,M,Elmira/Corning
ELP,US,L,El Paso
ELQ,SA,L,Qassim
ELS,ZA,L,East London
ELU,DZ,M,Guemar
EMA,GB,L,"Nottingham, Leicestershire"
EMD,AU,M,Emerald
EME,DE,S,Emden
EMK,US,M,Emmonak
ENA,US,M,Kenai
ENE,ID,S,Ende
ENF,FI,M,Enontekio
ENH,CN,M,Enshi (Enshi)
ENI,PH,S,El Nido
ENO,PY,L,Encarnación
ENT,MH,S,Eniwetok Atoll
ENU,NG,L,Enegu
ENY,CN,M,Yan'an (Baota)
EOH,CO,M,Medellín
EOI,GB,M,Eday
EPR,AU,M,Esperance
EPU,EE,M,Pärnu
EQS,AR,M,Esquel
ERC,TR,M,Erzincan
ERF,DE,L,Erfurt
ERH,MA,M,Errachidia
ERI,US,M,Erie
ERL,CN,M,Erenhot
ERS,NA,M,Windhoek
ERZ,TR,M,Erzurum
ESB,TR,L,Ankara
ESC,US,M,Escanaba
ESD,US,M,Eastsound
ESL,RU,M,Elista
ESM,EC,L,Tachina
ESR,CL,M,El Salvador
ESU,MA,M,Essaouira
ETM,IL,L,Eilat
ETR,EC,M,Santa Rosa
ETZ,FR,M,Goin
EUA,TO,S,Eua Island
EUG,US,M,Eugene
EUN,EH,L,El Aaiún
EUX,BQ,M,Oranjestad
EVE,NO,L,Evenes
EVG,SE,S,Sveg
EVN,AM,L,Yerevan
EVV,US,M,Evansville
EWB,US,M,New Bedford
EWN,US,M,New Bern
EWR,US,L,Newark
EXT,GB,M,"Exeter, Devon"
EYK,RU,M,
EYP,CO,M,Yopal
EYW,US,M,Key West
EZE,AR,L,Buenos Aires (Ezeiza)
EZS,TR,M,Elazığ
FAE,FO,L,Vágar
FAI,US,M,Fairbanks
FAO,PT,L,Faro
FAR,US,M,Fargo
FAT,US,L,Fresno
FAV,PF,M,
FAY,US,M,Fayetteville
FBD,AF,S,Fayzabad
FBE,BR,S,Francisco Beltrão
FBM,CD,L,Lubumbashi
FCA,US,M,Kalispell
FCN,DE,M,Wurster Nordseeküste
FCO,IT,L,Rome
FDE,NO,S,Førde
FDF,MQ,L,Fort-de-France
FDH,DE,L,Friedrichshafen
FDU,CD,M,Bandundu
FEG,UZ,M,Fergana
FEN,BR,M,Fernando de Noronha
FEZ,MA,L,Saïss
FGU,PF,M,Fangatau
FHZ,PF,S,Fakahina
FIE,GB,S,Fair Isle
FIH,CD,L,Kinshasa
FIZ,AU,M,
FJR,AE,L,Fujairah
FKB,DE,L,Rheinmünster
FKI,CD,L,Kisangani
FKQ,ID,M,Fakfak
FKS,JP,M,Sukagawa
FLA,CO,M,Florencia
FLG,US,M,Flagstaff
FLL,US,L,Fort Lauderdale
FLN,BR,L,Florianópolis
FLO,US,M,Florence
FLR,IT,L,Firenze (FI)
FLS,AU,S,Whitemark
FLW,PT,M,Santa Cruz das Flores
FLZ,ID,M,Sibolga (Pinangsori)
FMA,AR,M,Formosa
FMI,CD,M,Kalemie
FMM,DE,L,Memmingen
FMO,DE,L,Greven
FMT,MV,S,Faresmaathodaa
FNA,SL,L,Freetown (Lungi-Town)
FNC,PT,L,Funchal
FND,MV,S,Funadhoo
FNI,FR,M,Nîmes/Garons
FNJ,KP,L,Pyongyang
FNT,US,M,Flint
FOA,GB,S,Foula
FOC,CN,L,Fuzhou (Changle)
FOD,US,M,Fort Dodge
FOG,IT,M,Foggia (FG)
FON,CR,M,La Fortuna
FOR,BR,L,Fortaleza
FPO,BS,L,Freeport
FRA,DE,L,Frankfurt am Main
FRD,US,M,Friday Harbor
FRE,SB,S,Fera Island
FRL,IT,M,Forlì (FC)
FRO,NO,M,Florø
FRS,GT,M,San Benito
FRW,BW,L,Francistown
FSC,FR,L,Figari
FSD,US,M,Sioux Falls
FSH,ID,S,Singkil
FSM,US,M,Fort Smith
FSP,PM,M,Saint-Pierre
FSZ,JP,L,Makinohara / Shimada
FTA,VU,S,Futuna Island
FTE,AR,M,El Calafate
FTI,AS,S,Fitiuta Village
FTU,MG,M,Tôlanaro
FTW,US,M,Fort Worth
FUE,ES,L,El Matorral
FUG,CN,M,"Yingzhou, Fuyang"
FUJ,JP,M,Goto
FUK,JP,L,Fukuoka
FUN,TV,M,Funafuti
FUO,CN,M,Foshan (Nanhai)
FUT,WF,S,Futuna Island
FWA,US,M,Fort Wayne
FYJ,CN,M,Fuyuan
FYN,CN,M,Fuyun
FYU,US,M,Fort Yukon
GAJ,JP,M,Higashine
GAL,US,M,Galena
GAM,US,M,Gambell
GAN,MV,L,Gan
GAQ,ML,M,Gao
GAU,IN,L,Guwahati
GAX,GA,S,Gamba
GAY,IN,M,Gaya
GBB,AZ,M,Gabala
GBE,BW,L,Gaborone
GBI,IN,S,Kalaburagi
GBJ,GP,M,Grand-Bourg
GBZ,NZ,S,Claris
GCC,US,M,Gillette
GCH,IR,M,Gachsaran
GCI,GG,M,Saint Peter Port
GCK,US,M,Garden City
GCM,KY,L,George Town
GCN,US,M,Grand Canyon - Tusayan
GDB,IN,M,Gondia
GDE,ET,M,Gode
GDL,MX,L,Guadalajara
GDN,PL,L,Gdańsk
GDQ,ET,M,Azezo
GDT,TC,M,Cockburn Town
GDV,US,M,Glendive
GDX,RU,M,Magadan
GDZ,RU,M,Gelendzhik
GEA,NC,M,Nouméa
GEG,US,L,Spokane
GEL,BR,M,Santo Ângelo
GEM,GQ,M,Mengomeyén
GEO,GY,L,Georgetown
GER,CU,M,Nueva Gerona
GES,PH,L,General Santos
GET,AU,M,Moonyoonooka
GEV,SE,M,Gällivare
GFF,AU,M,Griffith
GFK,US,M,Grand Forks
GGF,BR,S,Almeirim
GGG,US,M,Longview
GGJ,BR,S,Guaíra
GGR,SO,S,Garowe
GGS,AR,S,Gobernador Gregores
GGT,BS,M,Moss Town
GGW,US,M,Glasgow
GHA,DZ,M,El Atteuf
GHB,BS,M,Governor's Harbour
GHV,RO,L,Brașov (Ghimbav)
GIB,GI,L,Gibraltar
GIC,AU,S,Boigu Island
GID,BI,M,Gitega
GIG,BR,L,Rio De Janeiro
GIL,PK,M,Gilgit
GIS,NZ,M,Gisborne
GIZ,SA,M,Jizan
GJA,HN,M,Guanaja
GJL,DZ,L,Tahir
GJT,US,M,Grand Junction
GKA,PG,M,Goronka
GKK,MV,S,Huvadhu Atoll
GKN,US,M,Gulkana
GLA,GB,L,Glasgow
GLF,CR,M,Golfito
GLH,US,M,Greenville
GLK,SO,S,Galcaio
GLT,AU,M,Gladstone
GLV,US,S,Golovin
GMA,CD,M,Gemena
GMB,ET,M,Gambela
GME,BY,M,Gomel
GMI,PG,S,Gasmata Island
GMO,NG,M,Gombe
GMP,KR,L,Seoul
GMQ,CN,M,Golog (Maqên)
GMR,PF,M,
GMZ,ES,S,"Alajero, La Gomera Island"
GNB,FR,M,Grenoble
GND,GD,L,Saint George's
GNJ,AZ,L,Ganja
GNS,ID,M,Gunungsitoli
GNU,US,S,Goodnews
GNV,US,M,Gainesville
GNY,TR,L,Şanlıurfa
GOA,IT,L,Genova (GE)
GOH,GL,L,Nuuk
GOI,IN,L,Vasco da Gama
GOJ,RU,L,Nizhny Novgorod
GOM,CD,L,Goma
GOP,IN,M,Gorakhpur
GOQ,CN,M,Golmud
GOT,SE,L,Göteborg
GOU,CM,L,Garoua
GOV,AU,M,Nhulunbuy
GOX,IN,L,Mopa
GOY,RU,S,Tura
GPA,GR,M,Patras
GPI,CO,M,Guapi
GPS,EC,M,Isla Baltra
GPT,US,M,Gulfport
GRB,US,M,Green Bay
GRI,US,M,Grand Island
GRJ,ZA,L,George
GRK,US,M,Fort Cavazos
GRO,ES,L,Girona
GRQ,NL,L,Groningen
GRR,US,L,Grand Rapids
GRU,BR,L,São Paulo
GRV,RU,L,Grozny
GRW,PT,M,Santa Cruz da Graciosa
GRX,ES,M,Granada
GRY,IS,M,Grímsey/Sandvík
GRZ,AT,L,Feldkirchen bei Graz
GSM,IR,L,Qeshm(Dayrestan)
GSO,US,L,Greensboro
GSP,US,M,Greenville/Greer/Spartanburg
GST,US,M,Gustavus
GSV,RU,L,Saratov
GTA,SB,S,Gatokae
GTE,AU,M,Groote Eylandt
GTF,US,M,Great Falls
GTO,ID,S,Gorontalo
GTR,US,M,Columbus/W Point/Starkville
GUA,GT,L,Guatemala City
GUB,MX,S,San Quintín
GUC,US,M,Gunnison
GUM,GU,L,Hagåtña
GUP,US,M,Gallup
GUR,PG,M,Gurney
GUW,KZ,L,Atyrau
GUX,IN,S,
GUZ,BR,S,Guarapari
GVA,CH,L,Geneva
GVR,BR,M,Governador Valadares
GWD,PK,L,Gurandani
GWL,IN,M,Gwalior
GWT,DE,M,Sylt
GXF,YE,L,Seiyun
GXG,AO,M,Negage
GXH,CN,M,Gannan (Xiahe)
GYA,BO,M,Guayaramerín
GYD,AZ,L,Baku
GYE,EC,L,Guayaquil
GYM,MX,M,Guaymas
GYN,BR,L,Goiânia
GYS,CN,M,Guangyuan (Lizhou)
GYU,CN,M,Guyuan (Yuanzhou)
GYY,US,M,Gary
GYZ,AU,S,Cosmo Newbery
GZG,CN,S,Garzê (Garzê)
GZO,SB,S,Gizo
GZP,TR,M,Gazipaşa
GZT,TR,L,Gaziantep
HAA,NO,S,Hasvik
HAC,JP,M,Hachijojima
HAD,SE,M,Halmstad
HAH,KM,L,Moroni
HAJ,DE,L,Hannover
HAK,CN,L,Haikou (Meilan)
HAL,NA,S,Halali
HAM,DE,L,Hamburg
HAN,VN,L,Hanoi (Soc Son)
HAQ,MV,L,Haa Dhaalu Atoll
HAS,SA,L,Hail
HAU,NO,M,Karmøy
HAV,CU,L,Havana
HBA,AU,L,Hobart (Cambridge)
HBE,EG,L,Alexandria
HBQ,CN,S,Haibei (Qilian)
HBX,IN,M,Hubballi
HCJ,CN,M,Hechi (Jinchengjiang)
HCR,US,M,Holy Cross
HCZ,CN,M,Chenzhou
HDD,PK,S,Hyderabad
HDF,DE,M,Zirchow
HDG,CN,M,Handan
HDK,MV,S,Kulhudhuffushi
HDM,IR,M,Hamadan
HDN,US,M,Hayden
HDO,IN,S,Ghaziabad
HDS,ZA,M,Hoedspruit
HDY,TH,L,Hat Yai
HEA,AF,L,Guzara
HEH,MM,M,Heho
HEI,DE,S,Oesterdeichstrich
HEK,CN,M,Heihe
HEL,FI,L,Helsinki (Vantaa)
HER,GR,L,Heraklion
HET,CN,L,Hohhot
HFA,IL,M,Haifa
HFE,CN,L,Hefei
HFN,IS,M,Höfn
HFS,SE,S,Råda
HFT,NO,M,Hammerfest
HGA,SO,L,Hargeisa
HGD,AU,S,Hughenden
HGH,CN,L,Hangzhou
HGI,IN,M,Hollongi
HGL,DE,S,Helgoland
HGN,TH,M,Mae Hong Son
HGO,CI,M,Korhogo
HGR,US,M,Hagerstown
HGU,PG,M,Mount Hagen
HHH,US,M,Hilton Head Island
HHN,DE,L,Frankfurt am Main (Lautzenhausen)
HHQ,TH,M,Hua Hin
HHR,US,M,Hawthorne
HHZ,PF,S,Hikueru
HIA,CN,L,Huai'an
HIB,US,M,Hibbing
HID,AU,M,Horn
HII,US,M,Lake Havasu City
HIJ,JP,L,Hiroshima
HIL,ET,S,Shilavo
HIN,KR,M,Sacheon
HIR,SB,L,Honiara
HJB,CN,S,Hejing
HJJ,CN,M,Huaihua
HJR,IN,M,Khajuraho
HKD,JP,L,Hakodate
HKG,HK,L,Hong Kong
HKK,NZ,M,
HKN,PG,M,Kimbe
HKT,TH,L,Phuket
HLA,ZA,L,Johannesburg
HLD,CN,L,Hailar
HLE,SH,M,Jamestown
HLH,CN,S,Ulanhot
HLN,US,M,Helena
HLP,ID,L,Jakarta
HLZ,NZ,M,Hamilton
HMA,RU,M,Khanty-Mansiysk
HMB,EG,L,Suhaj
HME,DZ,M,Hassi Messaoud
HMI,CN,M,Hami
HMO,MX,L,Hermosillo
HMS,ID,S,Muara Teweh
HMV,SE,S,Hemavan
HNA,JP,M,Hanamaki
HND,JP,L,Tokyo
HNH,US,S,Hoonah
HNL,US,L,"Honolulu, Oahu"
HNM,US,M,Hana
HNS,US,M,Haines
HNY,CN,S,Hengyang
HOB,US,M,Hobbs
HOF,SA,L,Hofuf
HOG,CU,L,Holguin
HOI,PF,M,Otepa
HOK,AU,S,Lajamanu
HOM,US,M,Homer
HOR,PT,M,Horta
HOT,US,M,Hot Springs
HOU,US,L,Houston
HOV,NO,M,Ørsta
HPA,TO,M,Lifuka
HPB,US,S,Hooper Bay
HPG,CN,M,Shennongjia (Hongping)
HPH,VN,L,Haiphong (Hai An)
HPN,US,M,White Plains
HQL,CN,M,Tashikuergan
HQQ,CN,S,Anyang
HRB,CN,L,Harbin
HRE,ZW,L,Harare
HRF,MV,S,
HRG,EG,L,Hurghada
HRH,IN,S,Aligarh
HRI,LK,M,Mattala
HRL,US,M,Harlingen
HRO,US,M,Harrison
HSA,KZ,L,Turkıstan
HSC,CN,M,Shaoguan
HSG,JP,L,Saga
HSL,US,M,Huslia
HSN,CN,L,Zhoushan
HSR,IN,L,Rajkot
HSS,IN,L,Hisar
HSV,US,M,Huntsville
HTA,RU,L,Chita
HTG,RU,M,Khatanga
HTI,AU,M,Hamilton Island
HTN,CN,M,Hotan
HTS,US,M,Huntington
HTT,CN,M,Mengnai
HTY,TR,M,Antakya
HUE,ET,S,Akwi
HUG,GT,S,Huehuetenango
HUH,PF,M,Fare
HUI,VN,M,Huế
HUN,TW,L,Hualien City
HUO,CN,M,Holingol
HUS,US,S,Hughes
HUU,PE,M,Huánuco
HUX,MX,L,Huatulco
HUY,GB,M,"Grimsby, Lincolnshire"
HUZ,CN,M,Huizhou (Pingtan)
HVB,AU,M,Hervey Bay
HVD,MN,M,Khovd
HVG,NO,M,Honningsvåg
HVN,US,M,New Haven
HVR,US,M,Havre
HWR,IN,L,Halwara
HXD,CN,M,Delingha
HYA,US,M,Hyannis
HYD,IN,L,Hyderabad
HYN,CN,M,Taizhou (Luqiao)
HYS,US,M,Hays
HZA,CN,M,Heze (Dingtao)
HZG,CN,M,Hanzhong (Chenggu)
HZH,CN,M,Liping
IAA,RU,M,Igarka
IAD,US,L,Dulles
IAG,US,M,Niagara Falls
IAH,US,L,Houston
IAM,DZ,M,In Aménas
IAN,US,M,Kiana
IAO,PH,S,Del Carmen
IAR,RU,L,Tunoshna
IAS,RO,L,Iaşi
IBA,NG,M,Ibadan
IBB,EC,S,Puerto Villamil
IBE,CO,M,Ibagué
IBR,JP,L,Omitama
IBZ,ES,L,Ibiza (Eivissa)
ICC,VE,S,Isla de Coche
ICI,FJ,S,Cicia
ICN,KR,L,Seoul
ICT,US,M,Wichita
IDA,US,M,Idaho Falls
IDR,IN,L,Indore
IEG,PL,M,Nowe Kramsko
IFJ,IS,M,Ísafjörður
IFN,IR,L,Isfahan
IFO,UA,M,Ivano-Frankivsk
IGA,BS,M,Matthew Town
IGD,TR,M,Iğdır
IGG,US,S,Igiugig
IGR,AR,M,Puerto Iguazu
IGT,RU,M,Sunzha
IGU,BR,L,Foz do Iguaçu
IIA,IE,S,Inis Meáin
IJK,RU,M,Izhevsk
IKA,IR,L,Tehran
IKG,KG,M,Karakol
IKI,JP,M,Iki
IKO,US,S,Nikolski
IKS,RU,M,Tiksi
IKT,RU,L,Irkutsk
IKU,KG,L,Tamchy
ILD,ES,M,Lleida
ILF,CA,S,Ilford
ILG,US,M,Wilmington
ILI,US,M,Iliamna
ILM,US,M,Wilmington
ILO,PH,L,Cabatuan
ILP,NC,M,Île des Pins
ILQ,PE,M,Ilo
ILR,NG,L,Ilorin/Ogbomosho
ILS,SV,M,San Salvador
ILY,GB,M,"Isle of Islay, Argyll and Bute"
IMF,IN,L,Imphal
IMK,NP,S,Simikot
IMP,BR,M,Imperatriz
IMT,US,M,Kingsford
INB,BZ,S,Independence
INC,CN,L,Yinchuan
IND,US,L,Indianapolis
INH,MZ,M,Inhambane
INI,RS,L,Niš
INL,US,M,International Falls
INN,AT,L,Innsbruck
INO,CD,S,Inongo
INQ,IE,S,Inis Oírr
INU,NR,M,Yaren
INV,GB,M,Inverness
INZ,DZ,M,In Salah
IOA,GR,M,Ioannina
IOM,IM,L,Castletown
IOR,IE,S,Inis Mór
IOS,BR,M,Ilhéus
IPC,CL,L,Isla De Pascua
IPH,MY,L,Ipoh
IPI,CO,M,Ipiales
IPL,US,M,Imperial
IPN,BR,M,Ipatinga
IPT,US,M,Williamsport
IQM,CN,M,Qiemo
IQN,CN,M,Qingyang (Xifeng)
IQQ,CL,L,Iquique
IQT,PE,L,Iquitos
IRA,SB,S,Kirakira
IRC,US,S,Circle
IRG,AU,M,Lockhart River
IRJ,AR,M,La Rioja
IRK,US,M,Kirksville
IRP,CD,M,Isiro
IRZ,BR,S,Santa Isabel do Rio Negro
ISA,AU,M,Mount Isa
ISB,PK,L,Attock
ISC,GB,S,"St. Mary's, Isles of Scilly"
ISE,TR,M,Isparta
ISG,JP,M,Ishigaki
ISK,IN,L,Nashik
ISP,US,M,Islip
IST,TR,L,Istanbul
ISU,IQ,M,Sulaymaniyah
ITB,BR,M,Itaituba
ITH,US,M,Ithaca
ITM,JP,L,Osaka
ITO,US,M,Hilo
ITU,RU,S,Kurilsk
IUE,NU,M,Alofi
IVC,NZ,M,Invercargill
IVL,FI,L,Ivalo
IWA,RU,M,Ivanovo
IWD,US,S,Ironwood
IWJ,JP,M,Masuda
IWK,JP,M,Iwakuni
IXA,IN,M,Agartala
IXB,IN,L,Siliguri
IXC,IN,L,Chandigarh
IXD,IN,M,Allahabad
IXE,IN,L,Mangaluru
IXG,IN,M,Belgaum
IXH,IN,M,Kailashahar
IXI,IN,M,Lilabari
IXJ,IN,M,Jammu
IXK,IN,M,Keshod
IXL,IN,M,Leh
IXM,IN,M,Madurai
IXN,IN,S,Khowai
IXP,IN,M,Pathankot
IXQ,IN,S,Manik Bhandar
IXR,IN,M,Ranchi
IXS,IN,M,Silchar
IXT,IN,S,Pasighat
IXU,IN,M,Aurangabad
IXV,IN,M,
IXW,IN,M,Jamshedpur
IXX,IN,M,Bidar
IXY,IN,M,Kandla
IXZ,IN,L,Port Blair
IZA,BR,M,Juiz de Fora
IZO,JP,M,Izumo
IZT,MX,M,Ixtepec
JAC,US,M,Jackson
JAE,PE,M,Jaén
JAF,LK,L,Jaffna
JAI,IN,L,Jaipur
JAN,US,M,Jackson
JAU,PE,M,Jauja
JAV,GL,M,Ilulissat
JAX,US,L,Jacksonville
JBB,ID,S,Jember
JBK,CN,S,Qitai
JBQ,DO,M,La Isabela
JBR,US,M,Jonesboro
JCK,AU,S,
JCL,CZ,L,České Budějovice
JDF,BR,M,Juiz de Fora
JDH,IN,M,Jodhpur
JDO,BR,S,Juazeiro do Norte
JDZ,CN,M,Jingdezhen
JED,SA,L,Jeddah
JEE,HT,M,Carrefour Sanon
JEG,GL,M,Aasiaat
JEJ,MH,S,Ailinglapalap Atoll
JER,JE,M,St. Peter
JFK,US,L,New York
JFR,GL,S,Paamiut
JGA,IN,M,Jamnagar
JGB,IN,S,Jagdalpur
JGD,CN,M,Jiagedaqi
JGN,CN,L,Jiayuguan
JGS,CN,M,Ji'an
JHB,MY,L,Johor Bahru
JHG,CN,L,Jinghong (Gasa)
JHM,US,M,Lahaina
JHS,GL,M,Sisimiut
JIB,DJ,L,Djibouti City
JIC,CN,M,Jinchang
JIJ,ET,L,Jijiga
JIK,GR,S,Ikaria Island
JIM,ET,M,Jimma
JIO,ID,S,Tiakur
JIQ,CN,M,Qianjiang
JIU,CN,S,Jiujiang
JJD,BR,M,Cruz
JJG,BR,S,Jaguaruna
JJM,KE,S,Meru-Kinna
JJN,CN,L,Quanzhou
JJU,GL,M,Qaqortoq
JKG,SE,M,Jönköping
JKH,GR,M,Chios Island
JKL,GR,S,Kalymnos Island
JKR,NP,M,Janakpur
JLG,IN,S,Jalgaon
JLN,US,M,Joplin
JLR,IN,M,Jabalpur
JMJ,CN,M,Pu'er (Lancang)
JMK,GR,M,Mykonos
JMO,NP,S,Jomsom
JMS,US,M,Jamestown
JMU,CN,M,Jiamusi
JNB,ZA,L,Johannesburg
JNG,CN,M,Jining
JNH,CN,M,"Xiuzhou, Hangzhou"
JNU,US,M,Juneau
JNX,GR,S,Naxos
JNZ,CN,M,Jinzhou (Linghai)
JOE,FI,M,Joensuu
JOG,ID,M,Yogyakarta
JOI,BR,M,Joinville
JOL,PH,M,Jolo
JOS,NG,M,Jos
JPA,BR,L,João Pessoa
JPE,BR,S,Paragominas
JPR,BR,S,Ji-Paraná
JQA,GL,S,Uummannaq
JRG,IN,S,
JRH,IN,M,Jorhat
JRO,TZ,L,Arusha
JSA,IN,M,
JSH,GR,M,Crete Island
JSI,GR,M,Skiathos
JSJ,CN,M,Jiansanjiang
JSK,IR,S,Bandar-e-Jask
JSR,BD,M,Jashore (Jessore)
JST,US,M,Johnstown
JSU,GL,S,Maniitsoq
JSY,GR,S,Syros Island
JTC,BR,M,Bauru
JTR,GR,L,Santorini Island
JTY,GR,S,Astypalaia Island
JUB,SS,L,Juba
JUH,CN,S,Chizhou
JUI,DE,S,Juist
JUJ,AR,L,San Salvador de Jujuy
JUL,PE,L,Juliaca
JUM,NP,S,Jumla
JUV,GL,S,Upernavik
JUZ,CN,M,Quzhou (Kezheng)
JXA,CN,M,Jixi
JYV,FI,M,Jyväskylän Maalaiskunta
JZH,CN,M,Ngawa (Songpan)
KAA,ZM,S,Kasama
KAB,ZW,M,Kariba
KAC,SY,M,Qamishli
KAD,NG,L,Kaduna
KAI,GY,M,Kaieteur Falls
KAJ,FI,M,Kajaani
KAL,US,S,Kaltag
KAN,NG,L,Kano
KAO,FI,M,Kuusamo
KAT,NZ,M,Awanui
KAW,MM,M,Kawthoung
KAX,AU,S,Kalbarri
KBC,US,S,Birch Creek
KBK,IN,M,Kushinagar
KBL,AF,L,Kabul
KBR,MY,M,Kota Baharu
KBU,ID,S,Stagen
KBV,TH,L,Krabi
KCA,CN,S,Kuqa
KCG,US,S,Chignik
KCH,MY,L,Kuching
KCM,TR,M,Kahramanmaraş
KCQ,US,S,Chignik Lake
KCT,LK,M,Galle
KCY,RU,M,Krasnoyarsk
KCZ,JP,L,Nankoku
KDD,PK,S,Khuzdar
KDH,AF,L,Kandahar
KDI,ID,S,Kendari
KDL,EE,M,Kärdla
KDM,MV,M,Huvadhu Atoll
KDO,MV,M,Kadhdhoo
KDU,PK,L,Skardu
KDV,FJ,S,Vunisea
KEB,US,S,Nanwalek
KEF,IS,L,Reykjavík
KEJ,RU,L,Kemerovo
KEM,FI,M,Kemi / Tornio
KEP,NP,M,Nepalgunj
KER,IR,L,Kerman
KET,MM,M,Kengtung
KEW,CA,S,Keewaywin
KFG,AU,S,
KFP,US,S,False Pass
KFS,TR,M,Kastamonu
KGA,CD,M,Kananga
KGC,AU,M,
KGD,RU,L,Kaliningrad
KGE,SB,S,Kagau Island
KGF,KZ,L,Karaganda
KGI,AU,M,Broadwood
KGK,US,S,Koliganek
KGL,RW,L,Kigali
KGP,RU,M,Kogalym
KGS,GR,L,Kos Island
KGT,CN,M,Garzê (Kangding)
KGX,US,S,Grayling
KHD,IR,M,
KHE,UA,M,Kherson
KHG,CN,L,Kashgar
KHH,TW,L,Kaohsiung (Xiaogang)
KHI,PK,L,Karachi
KHK,IR,M,Khark
KHM,MM,S,Kanti
KHN,CN,L,Nanchang
KHS,OM,M,Khasab
KHT,AF,M,Khost
KHV,RU,M,Khabarovsk
KHX,UG,M,Kihihi
KHZ,PF,S,Kauehi
KIE,PG,S,Kieta
KIF,CA,S,Kingfisher Lake
KIH,IR,L,Kish Island
KIJ,JP,L,Niigata
KIK,IQ,L,Kirkuk
KIM,ZA,L,Kimberley
KIN,JM,L,Kingston
KIO,MH,S,Kili Island
KIR,IE,M,Farranfore
KIS,KE,L,Kisumu
KIT,GR,S,Kithira Island
KIX,JP,L,Osaka
KJA,RU,L,Krasnoyarsk
KJB,IN,M,Orvakal
KJH,CN,M,Kaili  (Huangping)
KJI,CN,M,Burqin
KJT,ID,M,Kertajati
KKA,US,S,Koyuk
KKC,TH,M,Khon Kaen
KKE,NZ,M,Kerikeri
KKH,US,S,Kongiganak
KKI,US,S,Akiachak
KKJ,JP,L,Kitakyushu
KKN,NO,M,Kirkenes
KKR,PF,M,Raitahiti
KKS,IR,M,Kashan
KKW,CD,M,Kikwit
KKX,JP,M,Kikai
KLG,US,S,Kalskag
KLH,IN,M,Kolhapur
KLN,US,S,Larsen Bay
KLO,PH,L,Kalibo
KLP,ID,S,Seruyan
KLR,SE,M,Kalmar
KLU,AT,L,Klagenfurt am Wörthersee
KLV,CZ,L,Karlovy Vary
KLW,US,M,Klawock
KLX,GR,M,Kalamata
KMA,PG,M,Kerema
KMC,SA,M,King Khaled Military City
KME,RW,M,Kamembe
KMG,CN,L,Kunming
KMI,JP,L,Miyazaki
KMJ,JP,L,Kumamoto
KMN,CD,S,Kamina
KMO,US,S,Manokotak
KMQ,JP,L,Kanazawa
KMS,GH,L,Kumasi
KMW,RU,M,Kostroma
KND,CD,M,Kindu
KNG,ID,M,Kaimana
KNH,TW,M,Shang-I
KNK,US,S,Kokhanok
KNO,ID,L,Beringin
KNQ,NC,M,Koné
KNS,AU,M,
KNU,IN,M,Kanpur
KNW,US,S,New Stuyahok
KNX,AU,M,Kununurra
KOA,US,L,Kailua-Kona
KOC,NC,S,Koumac
KOE,ID,M,Kupang
KOI,GB,M,"Kirkwall, Orkney Islands"
KOJ,JP,L,Kagoshima
KOK,FI,M,Kokkola / Kruunupyy
KOP,TH,M,Nakhon Phanom
KOS,KH,L,Preah Sihanouk
KOT,US,S,Kotlik
KOV,KZ,L,Kokshetau
KOW,CN,S,Ganzhou
KOZ,US,S,Ouzinkie
KPN,US,S,Kipnuk
KPO,KR,M,Pohang
KPV,US,S,Perryville
KPW,RU,M,Keperveem
KQA,US,S,Akutan
KQH,IN,M,Ajmer (Kishangarh)
KQR,AU,S,Karara
KQT,TJ,L,Bokhtar
KRB,AU,S,
KRC,ID,S,Sungai Penuh
KRE,BI,S,Kirundo
KRF,SE,M,Nyland
KRI,PG,S,Kikori
KRK,PL,L,Balice
KRL,CN,M,Korla
KRN,SE,L,Kiruna
KRO,RU,M,Kurgan
KRP,DK,M,Karup
KRR,RU,L,Krasnodar
KRS,NO,L,Kristiansand(Kjevik)
KRT,SD,L,Khartoum
KRW,TM,M,Turkmenbaşy
KRY,CN,S,Karamay
KSA,FM,L,Okat
KSC,SK,M,Košice
KSD,SE,M,Karlstad
KSF,DE,L,Calden
KSH,IR,M,Kermanshah
KSJ,GR,S,Kasos Island
KSL,SD,M,Kassala
KSM,US,S,St Mary's
KSN,KZ,L,Kostanay
KSO,GR,S,Argos Orestiko
KSQ,UZ,S,Karshi
KSR,ID,S,Benteng
KSU,NO,M,Kvernberget
KSY,TR,M,Kars
KSZ,RU,M,Kotlas
KTA,AU,M,Karratha
KTD,JP,M,Kitadaitōjima
KTG,ID,M,Ketapang
KTI,KH,L,Phnom Penh (Boeng Khyang)
KTM,NP,L,Kathmandu
KTN,US,M,Ketchikan
KTP,JM,M,Tinson Pen
KTS,US,S,Brevig Mission
KTT,FI,L,Kittilä
KTU,IN,M,Kota
KTW,PL,L,Katowice
KUA,MY,M,Kuantan
KUD,MY,S,Kudat
KUF,RU,L,Samara
KUG,AU,S,Kubin Island
KUH,JP,M,Kushiro
KUK,US,S,Kasigluk
KUL,MY,L,Sepang
KUM,JP,M,Yakushima
KUN,LT,L,Kaunas
KUO,FI,L,Kuopio / Siilinjärvi
KUS,GL,M,Kulusuk
KUT,GE,L,Kopitnari
KUU,IN,M,Bhuntar
KUV,KR,M,Gunsan
KVA,GR,L,Kavala
KVC,US,S,King Cove
KVG,PG,M,Kavieng
KVK,RU,S,Apatity
KVL,US,S,Kivalina
KVM,RU,S,Markovo
KVO,RS,M,Kraljevo
KVX,RU,M,Kirov
KWA,MH,M,Kwajalein
KWB,ID,S,Karimunjawa
KWE,CN,L,Guiyang (Nanming)
KWG,UA,M,Kryvyi Rih
KWI,KW,L,Kuwait City
KWJ,KR,M,Gwangju
KWK,US,S,Kwigillingok
KWL,CN,L,Guilin (Lingui)
KWM,AU,M,Kowanyama
KWN,US,S,Quinhagak
KWT,US,S,Kwethluk
KWZ,CD,M,Kolwezi
KXB,ID,M,Kolaka
KXF,FJ,S,Koro Island
KXK,RU,M,Komsomolsk-on-Amur
KXO,UG,S,Kisoro
KYA,TR,L,Konya
KYD,TW,M,Orchid Island
KYK,US,S,Karluk
KYP,MM,M,Kyaukpyu
KYS,ML,M,Kayes
KYU,US,S,Koyukuk
KYZ,RU,M,Kyzyl
KZI,GR,M,Kozani
KZN,RU,L,Kazan
KZO,KZ,L,Kyzylorda
KZR,TR,S,Altıntaş
KZS,GR,S,Kastelorizo Island
LAD,AO,L,Luanda
LAE,PG,L,Lae
LAF,US,M,West Lafayette
LAJ,BR,M,Lages
LAK,CA,S,Aklavik
LAL,US,M,Lakeland
LAN,US,M,Lansing
LAO,PH,L,Laoag City
LAP,MX,M,La Paz
LAQ,LY,L,Al Albraq
LAR,US,M,Laramie
LAS,US,L,Las Vegas
LAU,KE,M,Lamu
LAW,US,M,Lawton
LAX,US,L,Los Angeles
LBA,GB,L,"Leeds, West Yorkshire"
LBB,US,M,Lubbock
LBC,DE,M,Lübeck
LBD,TJ,L,Khujand
LBE,US,M,Latrobe
LBF,US,M,North Platte
LBG,FR,L,Paris
LBJ,ID,S,"Labuan Bajo, Manggarai Barat"
LBL,US,M,Liberal
LBP,MY,S,Long Banga
LBR,BR,S,Lábrea
LBS,FJ,M,Labasa
LBU,MY,M,Labuan
LBV,GA,L,Libreville
LBW,ID,S,Long Bawan
LCA,CY,L,Larnaca
LCE,HN,M,La Ceiba
LCG,ES,M,Culleredo
LCH,US,M,Lake Charles
LCJ,PL,L,Łódź
LCK,US,M,Columbus
LCR,CO,S,La Chorrera
LCX,CN,M,Longyan (Liancheng)
LCY,GB,M,London
LDA,IN,S,Malda
LDB,BR,M,Londrina
LDE,FR,M,Tarbes/Lourdes/Pyrénées
LDG,RU,S,Leshukonskoye
LDH,AU,S,Lord Howe Island
LDS,CN,M,Yichun
LDU,MY,M,Lahad Datu
LDX,GF,M,Saint-Laurent-du-Maroni
LDY,GB,M,"Derry, Derry and Strabane"
LEA,AU,M,Exmouth
LEB,US,M,Lebanon
LEC,BR,S,Lençóis
LED,RU,L,St. Petersburg
LEI,ES,M,Almería
LEJ,DE,L,Schkeuditz
LEL,AU,S,
LEN,ES,M,La Virgen del Camino
LEQ,GB,S,"Land's End, Cornwall"
LER,AU,M,
LET,CO,M,Leticia
LEU,ES,M,La Seu d'Urgell Pyrenees and Andorra
LEV,FJ,S,Bureta
LEX,US,M,Lexington
LFM,IR,M,Lamerd
LFQ,CN,M,Linfen (Yaodu)
LFT,US,M,Lafayette
LFW,TG,L,Lomé
LGA,US,L,New York
LGB,US,L,Long Beach
LGG,BE,M,Grâce-Hollogne
LGI,BS,M,Deadman's Cay
LGK,MY,L,Langkawi
LGL,MY,S,Long Datih
LGW,GB,L,London
LGZ,CN,S,Shannan
LHE,PK,L,Lahore
LHG,AU,M,
LHL,AZ,M,Lachin
LHR,GB,L,London
LHS,AR,M,Las Heras
LHW,CN,L,Lanzhou (Yongdeng)
LIF,NC,M,Lifou
LIG,FR,M,Limoges/Bellegarde
LIH,US,L,"Lihue, Kauai"
LIK,MH,S,Likiep Island
LIL,FR,L,Lesquin
LIM,PE,L,Lima
LIN,IT,L,Segrate (MI)
LIO,CR,M,Limón
LIR,CR,L,Liberia
LIS,PT,L,Lisbon
LIT,US,M,Little Rock
LIW,MM,M,Loikaw
LJG,CN,L,Lijiang
LJU,SI,L,Zgornji Brnik
LKA,ID,S,Tiwatobi
LKB,FJ,S,Lakeba Island
LKI,ID,S,Lubang
LKL,NO,M,Lakselv
LKM,ID,S,Lolak
LKN,NO,M,Leknes
LKO,IN,L,Lucknow
LLA,SE,L,Luleå
LLB,CN,S,Qiannan (Libo)
LLF,CN,M,Yongzhou
LLK,AZ,S,Lankaran
LLO,ID,S,Palopo
LLV,CN,M,Lüliang
LLW,MW,L,Lumbadzi
LMA,US,S,Minchumina
LMC,CO,S,La Macarena
LME,FR,M,"Le Mans, Sarthe"
LMM,MX,M,Los Mochis
LMN,MY,M,Limbang
LMP,IT,M,Lampedusa
LMY,PG,S,Lake Murray
LNB,VU,S,Lamen Bay
LNE,VU,S,Lonorore
LNJ,CN,M,Lincang
LNK,US,M,Lincoln
LNL,CN,M,Longnan (Cheng)
LNO,AU,M,Leonora
LNS,US,M,Lancaster
LNU,ID,S,Malinau
LNV,PG,S,Londolovit
LNY,US,M,Lanai City
LNZ,AT,L,Linz
LOD,VU,S,Longana
LOE,TH,M,
LOH,EC,S,La Toma (Catamayo)
LOO,DZ,M,Laghouat
LOP,ID,L,"Mataram (Pujut, Lombok Tengah)"
LOS,NG,L,Lagos
LPA,ES,L,Gran Canaria Island
LPB,BO,L,La Paz / El Alto
LPD,CO,S,La Pedrera
LPF,CN,M,Liupanshui (Zhongshan)
LPI,SE,L,Linköping
LPK,RU,M,Lipetsk
LPL,GB,L,Liverpool
LPM,VU,S,Lamap
LPP,FI,L,Lappeenranta
LPQ,LA,L,Luang Phabang
LPS,US,S,Lopez
LPT,TH,M,
LPU,ID,S,Long Apung-Borneo Island
LPY,FR,S,"Chaspuzac, Haute-Loire"
LQM,CO,S,Puerto Leguízamo
LRD,US,M,Laredo
LRE,AU,M,Longreach
LRH,FR,M,La Rochelle
LRM,DO,L,La Romana
LRR,IR,M,Lar
LRS,GR,S,Leros Island
LRT,FR,M,Lorient/Lann/Bihoué
LRU,US,M,Las Cruces
LRV,VE,S,Gran Roque Island
LSA,PG,S,Losuia
LSC,CL,M,La Serena-Coquimbo
LSE,US,M,La Crosse
LSG,CN,M,Leshan (Wutongqiao)
LSH,MM,M,Lashio
LSI,GB,M,"Lerwick, Shetland"
LSP,VE,M,Paraguaná
LSR,ID,M,Kutacane
LST,AU,M,Launceston (Western Junction)
LSW,ID,S,Lhok Seumawe-Sumatra Island
LSY,AU,M,Lismore
LTD,LY,M,Ghadames
LTI,MN,M,Altai
LTK,SY,M,Latakia
LTM,GY,M,Lethem
LTN,GB,L,"Luton, Luton"
LTO,MX,L,Loreto
LTT,FR,S,Saint-Tropez
LTU,IN,M,Latur
LTX,EC,M,Latacunga
LUA,NP,M,Lukla
LUD,NA,M,Luderitz
LUG,CH,M,Agno
LUH,IN,M,
LUK,US,M,Cincinnati
LUM,CN,M,Dehong (Mangshi)
LUN,ZM,L,Lusaka
LUP,US,S,Kalaupapa
LUQ,AR,M,San Luis
LUR,US,M,Cape Lisburne
LUV,ID,M,Langgur
LUX,LU,L,Luxembourg
LUZ,PL,L,Lublin
LVI,ZM,L,Livingstone
LVO,AU,S,Laverton
LWB,US,M,Lewisburg
LWK,GB,S,"Lerwick, Shetland Islands"
LWN,AM,L,Gyumri
LWO,UA,L,Lviv
LWS,US,M,Lewiston
LWY,MY,S,Lawas
LXA,CN,L,Shannan (Gonggar)
LXG,LA,S,Luang Namtha
LXR,EG,L,Luxor
LXS,GR,S,Limnos Island
LYA,CN,L,Luoyang (Laocheng)
LYC,SE,M,Lycksele
LYG,CN,L,Lianyungang
LYH,US,M,Lynchburg
LYI,CN,M,Linyi (Hedong)
LYP,PK,L,Faisalabad
LYR,NO,M,Longyearbyen
LYS,FR,L,"Colombier-Saugnieu, Rhône"
LZG,CN,M,Nanchong (Langzhong)
LZH,CN,M,Liuzhou (Liujiang)
LZN,TW,M,Matsu (Nangan)
LZO,CN,M,Luzhou (Yunlong)
LZY,CN,M,Nyingchi (Mainling)
MAA,IN,L,Chennai
MAB,BR,M,Marabá
MAD,ES,L,Madrid
MAF,US,M,Midland
MAG,PG,M,Madang
MAH,ES,L,Mahón (Maó)
MAJ,MH,L,Majuro Atoll
MAK,SS,M,Malakal
MAM,MX,M,Matamoros
MAN,GB,L,"Manchester, Greater Manchester"
MAO,BR,L,Manaus
MAQ,TH,M,
MAR,VE,L,Maracaibo
MAS,PG,M,Manus Island
MAU,PF,M,
MAZ,PR,M,Mayaguez
MBA,KE,L,Mombasa
MBD,ZA,M,Mafeking
MBE,JP,M,Monbetsu
MBI,TZ,M,Mbeya
MBJ,JM,L,Montego Bay
MBL,US,S,Manistee
MBS,US,M,Freeland
MBT,PH,M,Masbate
MBW,AU,M,Melbourne
MBX,SI,M,Maribor
MCE,US,M,Merced
MCG,US,M,McGrath
MCI,US,L,Kansas City
MCK,US,M,McCook
MCN,US,M,Macon
MCO,US,L,Orlando
MCP,BR,M,Macapá
MCT,OM,L,Muscat/Seeb
MCV,AU,S,McArthur River Mine
MCW,US,M,Mason City
MCX,RU,L,Makhachkala
MCY,AU,L,Maroochydore
MCZ,BR,L,Maceió
MDC,ID,L,Manado
MDE,CO,L,Medellín
MDG,CN,M,Mudanjiang
MDI,NG,M,Makurdi
MDK,CD,M,Mbandaka
MDL,MM,L,Mandalay
MDQ,AR,M,Mar del Plata
MDT,US,M,Harrisburg
MDU,PG,M,Mendi
MDW,US,L,Chicago
MDZ,AR,L,Mendoza
MEB,AU,M,Essendon Fields
MEC,EC,M,Manta
MED,SA,L,Medina
MEE,NC,M,Maré
MEG,AO,M,Malanje
MEH,NO,M,Mehamn
MEI,US,M,Meridian
MEL,AU,L,Melbourne
MEM,US,L,Memphis
MEQ,ID,M,Kuala Pesisir
MEX,MX,L,Mexico City
MFA,TZ,S,Kilindoni
MFE,US,M,McAllen
MFG,PK,S,Muzaffarabad
MFJ,FJ,S,Moala
MFK,TW,M,Matsu (Beigan)
MFM,MO,L,Nossa Senhora do Carmo
MFR,US,M,Medford
MFU,ZM,L,Mfuwe
MGA,NI,L,Managua
MGB,AU,M,Mount Gambier
MGC,US,M,Michigan City
MGF,BR,M,Maringá
MGH,ZA,M,Margate
MGM,US,M,Montgomery
MGQ,SO,L,Mogadishu
MGT,AU,S,Milingimbi Island
MGW,US,M,Morgantown
MGZ,MM,M,Mkeik
MHC,CL,S,Dalcahue
MHD,IR,L,Mashhad
MHG,DE,M,Mannheim
MHH,BS,M,Marsh Harbour
MHK,US,M,Manhattan
MHM,SB,S,Manaoba
MHQ,FI,M,Mariehamn
MHT,US,M,Manchester
MHU,AU,M,Mount Hotham
MHX,CK,S,Manihiki Island
MIA,US,L,Miami
MID,MX,L,Mérida
MIG,CN,M,Mianyang (Fucheng)
MII,BR,M,Marília
MIJ,MH,S,Mili Island
MIM,AU,M,Merimbula
MIR,TN,M,Monastir
MIS,PG,S,Misima Island
MIU,NG,L,Maiduguri
MJE,MH,S,Majkin
MJF,NO,M,Mosjøen
MJI,LY,L,Tripoli
MJK,AU,M,Denham
MJM,CD,M,Mbuji Mayi
MJN,MG,L,Mahajanga
MJT,GR,M,Mytilene
MJY,RU,S,Motygino
MJZ,RU,M,Mirny
MKE,US,L,Milwaukee
MKG,US,M,Muskegon
MKK,US,M,Kaunakakai
MKL,US,M,Jackson
MKM,MY,M,Mukah
MKP,PF,M,Makemo
MKQ,ID,M,Merauke
MKR,AU,M,
MKU,GA,M,Makokou
MKW,ID,M,Manokwari
MKY,AU,M,Mackay
MKZ,MY,M,Malacca
MLA,MT,L,Valletta
MLB,US,M,Melbourne
MLE,MV,L,Malé
MLG,ID,M,Malang
MLI,US,M,Moline
MLL,US,S,Marshall
MLM,MX,L,Morelia
MLN,ES,M,Melilla
MLO,GR,S,Milos Island
MLU,US,M,Monroe
MLW,LR,M,Monrovia
MLX,TR,M,Malatya
MLY,US,S,Manley Hot Springs
MMB,JP,M,Ōzora
MMD,JP,M,Minamidaito
MME,GB,M,"Darlington, Durham"
MMG,AU,M,
MMH,US,M,Mammoth Lakes
MMJ,JP,M,Matsumoto
MMK,RU,L,Murmansk
MMO,CV,M,Vila do Maio
MMX,SE,L,Malmö
MMY,JP,M,Miyakojima
MNC,MZ,M,Nacala
MNF,FJ,S,Mana Island
MNG,AU,M,Maningrida
MNI,MS,L,Gerald's Park
MNJ,MG,M,Mananjary
MNL,PH,L,Manila (Pasay)
MNT,US,S,Minto
MNU,MM,S,Mawlamyine
MNX,BR,M,Manicoré
MNY,SB,S,Stirling Island
MOB,US,M,Mobile
MOC,BR,M,Montes Claros
MOF,ID,S,Waioti
MOG,MM,M,Mong Hsat
MOH,ID,S,Morowali
MOI,CK,S,Mitiaro Island
MOJ,SR,S,Moengo
MOL,NO,M,Årø
MOQ,MG,M,Morondava
MOT,US,M,Minot
MOU,US,S,Mountain Village
MOV,AU,M,Moranbah
MOZ,PF,M,Moorea-Maiao
MPA,NA,M,Mpacha
MPC,ID,S,Muko Muko
MPH,PH,M,Caticlan
MPL,FR,L,Montpellier/Méditerranée
MPM,MZ,L,Maputo
MPN,FK,L,Mount Pleasant
MPW,UA,M,Mariupol
MPY,GF,M,Maripasoula
MQC,PM,S,Miquelon
MQF,RU,L,Magnitogorsk
MQJ,RU,M,Khonuu
MQL,AU,M,Mildura
MQM,TR,M,Mardin
MQN,NO,M,Mo i Rana
MQP,ZA,L,Mbombela
MQS,VC,M,Lovell
MQT,US,M,Gwinn
MQX,ET,M,Mekele
MRA,LY,S,Misrata
MRE,KE,M,Serena
MRI,US,M,Anchorage
MRS,FR,L,"Marignane, Bouches-du-Rhône"
MRU,MU,L,Plaine Magnien
MRV,RU,L,Mineralnyye Vody
MRX,IR,M,Mahshahr
MRY,US,M,Monterey
MRZ,AU,M,Moree
MSA,CA,S,Muskrat Dam
MSJ,JP,M,Misawa
MSL,US,M,Muscle Shoals
MSN,US,M,Madison
MSO,US,M,Missoula
MSP,US,L,Minneapolis
MSQ,BY,L,Minsk
MSR,TR,M,Muş
MSS,US,M,Massena
MST,NL,L,Maastricht
MSU,LS,L,Maseru(Mazenod)
MSY,US,L,New Orleans
MSZ,AO,M,Moçâmedes
MTF,ET,S,Mizan Teferi
MTJ,US,M,Montrose
MTP,US,S,Montauk
MTR,CO,M,Montería
MTT,MX,M,Cosoleacaque
MTY,MX,L,Monterrey
MUA,SB,M,Munda
MUB,BW,L,Maun
MUC,DE,L,Munich
MUE,US,M,Waimea (Kamuela)
MUH,EG,L,Marsa Matruh
MUK,CK,S,Mauke Island
MUN,VE,M,Maturín
MUR,MY,M,Marudi
MUX,PK,L,Multan
MUZ,TZ,S,Musoma
MVB,GA,M,Franceville
MVD,UY,L,Ciudad de la Costa
MVF,BR,M,Mossoró
MVP,CO,M,Mitú
MVQ,BY,M,Mogilev
MVR,CM,M,Maroua
MVT,PF,M,
MVY,US,S,Martha's Vineyard
MWA,US,M,Marion
MWL,US,M,Mineral Wells
MWQ,MM,S,Magway
MWX,KR,L,Muan (Piseo-ri)
MWZ,TZ,L,Mwanza
MXH,PG,S,Moro
MXL,MX,M,Mexicali
MXP,IT,L,Ferno (VA)
MXV,MN,M,Mörön
MXW,MN,S,Mandalgobi
MXX,SE,M,Mora
MXZ,CN,S,Meizhou (Meixian)
MYA,AU,M,Moruya
MYD,KE,M,Malindi
MYE,JP,M,Miyakejima
MYG,BS,M,Abraham Bay Settlement
MYI,AU,S,Murray Island
MYJ,JP,L,Matsuyama
MYK,US,S,May Creek
MYL,US,M,McCall
MYP,TM,M,Mary
MYQ,IN,M,Mysore
MYR,US,L,Myrtle Beach
MYT,MM,M,Myitkyina
MYU,US,M,Mekoryuk
MYW,TZ,M,Mtwara
MYY,MY,M,Miri
MZG,TW,L,Huxi
MZH,TR,S,Amasya
MZI,ML,M,Sévaré
MZL,CO,M,Manizales
MZO,CU,M,Manzanillo
MZQ,ZA,M,Mkuze
MZR,AF,L,Mazar-i-Sharif
MZS,IN,M,Moradabad
MZT,MX,L,Mazatlàn
MZU,IN,M,Muzaffarpur
MZV,MY,M,Mulu
MZW,DZ,M,Mecheria
NAA,AU,M,Narrabri
NAG,IN,L,Nagpur
NAH,ID,M,"Tabukan Utara, Sangihe Islands"
NAJ,AZ,L,Nakhchivan
NAL,RU,M,Nalchik
NAM,ID,M,Namniwel
NAN,FJ,L,Nadi
NAO,CN,S,Nanchong (Gaoping)
NAP,IT,L,Napoli
NAQ,GL,M,Qaanaaq
NAS,BS,L,Nassau
NAT,BR,L,Natal
NAU,PF,S,Napuka Island
NAV,TR,L,Nevşehir
NAW,TH,M,
NBC,RU,M,Nizhnekamsk
NBE,TN,M,Enfidha
NBJ,AO,L,Luanda (Ícolo e Bengo)
NBN,GQ,S,San Antonio de Palé
NBO,KE,L,Nairobi
NBS,CN,M,Baishan
NCA,TC,M,North Caicos
NCE,FR,L,"Nice, Alpes-Maritimes"
NCL,GB,L,"Newcastle upon Tyne, Tyne and Wear"
NCN,US,S,Chenega
NCU,UZ,L,Nukus
NCY,FR,M,Annecy
NDB,MR,L,Nouadhibou
NDC,IN,M,Nanded
NDG,CN,L,Qiqihar
NDJ,TD,L,N'Djamena
NDR,MA,L,Al Aaroui
NDU,NA,M,Rundu
NDY,GB,S,Sanday
NEC,AR,M,Necochea
NER,RU,M,Neryungri
NEV,KN,M,Charlestown
NGB,CN,L,Ningbo
NGE,CM,M,N'Gaoundéré
NGI,FJ,S,Ngau
NGK,RU,S,Nogliki
NGO,JP,L,Tokoname
NGQ,CN,M,Shiquanhe
NGS,JP,L,Nagasaki
NHV,PF,M,Nuku Hiva
NIB,US,S,Nikolai
NIM,NE,L,Niamey
NIU,PF,S,Naiu Atoll
NJC,RU,L,Nizhnevartovsk
NJF,IQ,L,Najaf
NKC,MR,L,Nouakchott
NKG,CN,L,Nanjing
NKM,JP,M,Nagoya
NKT,TR,M,Şırnak
NLA,ZM,L,Ndola
NLD,MX,M,Nuevo Laredo
NLF,AU,S,Darnley Island
NLG,US,S,Nelson Lagoon
NLH,CN,M,Ninglang
NLI,RU,M,Nikolayevsk-na-Amure Airport
NLK,NF,M,Burnt Pine
NLT,CN,M,Xinyuan
NLU,MX,L,Mexico City
NMA,UZ,L,Namangan
NMB,IN,M,Daman
NME,US,S,Nightmute
NMF,MV,M,Noonu Atoll
NMI,IN,L,Navi Mumbai
NNB,SB,S,Santa Ana Island
NNG,CN,L,Nanning (Jiangnan)
NNM,RU,M,Naryan Mar
NNR,IE,S,Inverin
NNT,TH,M,
NNY,CN,S,Nanyang (Wancheng)
NOB,CR,M,Nicoya
NOC,IE,L,Charlestown
NOD,DE,S,Norddeich
NOJ,RU,M,Noyabrsk
NOP,TR,M,Sinop
NOS,MG,L,Nosy Be
NOU,NC,L,Nouméa (La Tontouta)
NOV,AO,M,Huambo
NOZ,RU,M,Novokuznetsk
NPE,NZ,M,Napier
NPL,NZ,M,New Plymouth
NPO,ID,M,Nanga Pinoh-Borneo Island
NPT,US,M,Newport
NQN,AR,L,Neuquén
NQU,CO,S,Nuquí
NQY,GB,M,Newquay
NQZ,KZ,L,Astana
NRA,AU,M,Narrandera
NRD,DE,S,Norderney
NRK,SE,M,Norrköping
NRL,GB,S,North Ronaldsay
NRN,DE,L,Weeze
NRR,PR,M,Ceiba
NRT,JP,L,Narita
NSH,IR,M,Nowshahr
NSI,CM,L,Yaoundé
NSK,RU,L,Norilsk
NSN,NZ,M,Nelson
NST,TH,M,Nakhon Si Thammarat
NTE,FR,M,Nantes
NTG,CN,M,Nantong (Tongzhou)
NTL,AU,L,Williamtown
NTN,AU,M,Normanton
NTQ,JP,M,Wajima
NTT,TO,S,Niuatoputapu
NTX,ID,M,Ranai-Natuna Besar Island
NUE,DE,L,Nuremberg
NUI,US,M,Nuiqsut
NUL,US,S,Nulato
NUM,SA,L,Sharma
NUP,US,S,Nunapitchuk
NUS,VU,S,Norsup
NUX,RU,M,Novy Urengoy
NVA,CO,M,Neiva
NVI,UZ,M,Navoi
NVT,BR,L,Navegantes
NVY,IN,S,Neyveli
NWI,GB,M,"Norwich, Norfolk"
NYA,RU,M,Nyagan
NYI,GH,M,Sunyani
NYK,KE,M,Gathiuru
NYM,RU,M,Nadym
NYO,SE,L,Nyköping
NYT,MM,L,Naypyitaw
NYU,MM,S,Nyaung U
NZC,PE,M,Nazca
NZG,RU,S,Nizhneangarsk
NZH,CN,M,Manzhouli
NZL,CN,M,Zhalantun
OAJ,US,M,Richlands
OAK,US,L,Oakland
OAL,BR,S,Cacoal
OAX,MX,L,Oaxaca
OBN,GB,S,North Connel
OBO,JP,M,Obihiro
OBU,US,S,Kobuk
OBX,PG,S,Obo
OCC,EC,M,Coca
OCE,US,M,Ocean City
OCJ,JM,M,Boscobel
OCS,GQ,L,Corisco Island
ODB,ES,M,Córdoba
ODE,DK,L,Odense
ODN,MY,S,Long Seridan
ODO,RU,S,Bodaybo
ODY,LA,S,Oudomsay
OEC,TL,L,Oecussi-Ambeno
OER,SE,M,Örnsköldsvik
OES,AR,S,San Antonio Oeste
OFU,AS,S,Ofu
OGD,US,M,Ogden
OGG,US,L,Kahului
OGL,GY,M,Ogle
OGN,JP,M,Yonaguni
OGS,US,M,Ogdensburg
OGU,TR,M,Ordu
OGX,DZ,M,Ouargla
OGZ,RU,M,Beslan
OHD,MK,L,Ohrid
OHE,CN,M,Mohe
OHO,RU,M,Okhotsk
OHS,OM,L,Suhar
OIM,JP,M,Izu Oshima
OIR,JP,M,Okushiri Island
OIT,JP,M,Oita
OJU,ID,S,Tojo Una-Una
OKA,JP,L,Naha
OKC,US,L,Oklahoma City
OKD,JP,M,Sapporo
OKE,JP,M,Wadomari
OKI,JP,M,Okinoshima
OKJ,JP,L,Okayama
OKL,ID,M,Oksibil
OKR,AU,S,Yorke Island
OKY,AU,M,
OLA,NO,M,Ørland
OLB,IT,L,Olbia (SS)
OLF,US,M,Wolf Point
OLH,US,S,Old Harbor
OLJ,VU,S,Olpoi
OLM,US,M,Olympia
OLP,AU,S,Olympic Dam
OLZ,RU,M,Olyokminsk
OMA,US,L,Omaha
OMD,NA,M,Oranjemund
OME,US,M,Nome
OMH,IR,M,Urmia
OMN,UZ,M,Zomin
OMO,BA,L,Mostar
OMR,RO,L,Oradea
OMS,RU,L,Omsk
OND,NA,M,Ondangwa
ONG,AU,S,
ONJ,JP,M,Kitaakita
ONQ,TR,M,Zonguldak
ONT,US,L,Ontario
ONX,PA,M,Colón
OOK,US,S,Toksook Bay
OOL,AU,L,Gold Coast
OOM,AU,M,Cooma
OPF,US,M,Miami
OPO,PT,L,Porto
OPP,BR,S,Salinópolis
OPS,BR,S,Sinop
OPU,PG,M,Balimo
ORB,SE,M,Örebro
ORD,US,L,Chicago
ORF,US,L,Norfolk
ORG,SR,S,Paramaribo
ORH,US,M,Worcester
ORI,US,S,Port Lions
ORK,IE,L,Cork
ORN,DZ,L,Es-Sénia
ORT,US,M,Northway
ORU,BO,L,Oruro
ORV,US,S,Noorvik
ORY,FR,L,"Paris (Orly, Val-de-Marne)"
ORZ,BZ,S,Orange Walk
OSD,SE,M,Östersund
OSI,HR,M,Osijek(Klisa)
OSL,NO,L,Oslo (Gardermoen)
OSR,CZ,L,Mošnov
OSS,KG,L,Osh
OST,BE,L,Oostende
OSW,RU,M,Orsk
OSY,NO,S,Namsos
OTD,PA,S,Contadora Island
OTH,US,M,North Bend
OTP,RO,L,Otopeni
OTS,US,S,Anacortes
OTZ,US,M,Kotzebue
OUA,BF,L,Ouagadougou
OUD,MA,L,Ahl Angad
OUI,FR,S,Ushant
OUL,FI,L,Oulu / Oulunsalo
OUZ,MR,M,Zouérate
OVB,RU,L,Novosibirsk
OVD,ES,L,Ranón
OVS,RU,M,Sovetskiy
OWB,US,M,Owensboro
OXB,GW,L,Bissau
OYE,GA,M,Oyem
OZC,PH,M,Ozamiz
OZG,MA,L,Zagora
OZZ,MA,L,Ouarzazate
PAB,IN,M,Bilaspur
PAC,PA,M,Albrook
PAD,DE,L,Büren
PAE,US,M,Everett
PAG,PH,M,Pagadian
PAH,US,M,Paducah
PAP,HT,L,Port-au-Prince
PAS,GR,S,Paros
PAT,IN,M,Patna
PAV,BR,M,Paulo Afonso
PAZ,MX,M,Poza Rica
PBC,MX,L,Puebla
PBD,IN,M,Porbandar
PBG,US,M,Plattsburgh
PBH,BT,L,Paro
PBI,US,L,West Palm Beach
PBJ,VU,S,Paama Island
PBM,SR,L,Paramaribo
PBO,AU,M,Paraburdoo
PBR,GT,M,Puerto Barrios
PBU,MM,M,Putao
PCL,PE,L,Pucallpa
PCN,NZ,S,Koromiko
PCP,ST,M,São Tomé & Príncipe
PCR,CO,M,Puerto Carreño
PDA,CO,M,Puerto Inírida
PDB,US,S,Pedro Bay
PDG,ID,L,Padang (Katapiang)
PDK,US,M,Atlanta
PDL,PT,L,Ponta Delgada
PDM,PA,S,Pedasí
PDO,ID,M,Talang Gudang-Sumatra Island
PDP,UY,M,Punta del Este
PDS,MX,M,Piedras Negras
PDT,US,M,Pendleton
PDV,BG,L,Plovdiv
PDX,US,L,Portland
PED,CZ,L,Pardubice
PEE,RU,L,Perm
PEG,IT,L,Perugia (PG)
PEI,CO,M,Pereira
PEK,CN,L,Beijing
PEM,PE,M,Puerto Maldonado
PEN,MY,L,Penang
PER,AU,L,Perth
PES,RU,M,Petrozavodsk
PET,BR,M,Pelotas
PEU,HN,S,Puerto Lempira
PEV,HU,L,Pécs
PEW,PK,L,Peshawar
PEX,RU,M,Pechora
PEZ,RU,M,Penza
PFB,BR,M,Passo Fundo
PFO,CY,L,Paphos
PFQ,IR,S,Parsabad
PFR,CD,S,Ilebo
PGA,US,M,Page
PGD,US,M,Punta Gorda
PGF,FR,M,Perpignan/Rivesaltes
PGH,IN,M,Pantnagar
PGK,ID,M,Pangkal Pinang
PGM,US,S,Port Graham
PGU,IR,M,Khiyaroo
PGV,US,M,Greenville
PGZ,BR,M,Ponta Grossa
PHB,BR,M,Parnaíba
PHC,NG,L,Port Harcourt
PHE,AU,L,Port Hedland
PHF,US,M,Newport News
PHG,NG,M,Port Harcourt
PHH,NP,L,Pokhara
PHL,US,L,Philadelphia
PHO,US,S,Point Hope
PHS,TH,M,Phitsanulok
PHW,ZA,M,Phalaborwa
PHX,US,L,Phoenix
PHY,TH,M,
PIA,US,M,Peoria
PIB,US,M,Moselle
PIE,US,L,Pinellas Park
PIH,US,M,Pocatello
PIK,GB,L,"Prestwick, South Ayrshire"
PIP,US,S,Pilot Point
PIR,US,M,Pierre
PIS,FR,M,Poitiers/Biard
PIT,US,L,Pittsburgh
PIU,PE,M,Piura
PIX,PT,M,Pico Island
PIZ,US,M,Point Lay
PJA,SE,S,Pajala
PJM,CR,M,Puerto Jimenez
PKA,US,S,Napaskiak
PKB,US,M,Parkersburg (Williamstown)
PKC,RU,L,Petropavlovsk-Kamchatsky
PKE,AU,M,Parkes
PKG,MY,S,Pangkor Island
PKN,ID,S,Pangkalanbun
PKP,PF,S,
PKR,NP,M,Pokhara
PKU,ID,M,Pekanbaru
PKV,RU,M,Pskov
PKX,CN,L,Beijing
PKY,ID,M,Palangkaraya
PKZ,LA,L,Pakse
PLJ,BZ,M,Placencia
PLM,ID,M,Palembang
PLN,US,M,Pellston
PLO,AU,M,Port Lincoln
PLQ,LT,L,Palanga
PLS,TC,L,Providenciales
PLW,ID,M,Palu
PLX,KZ,L,Semey
PLZ,ZA,L,Gqeberha (Port Elizabeth)
PMC,CL,L,Puerto Montt
PMF,IT,M,Parma (PR)
PMG,BR,M,Ponta Porã
PMI,ES,L,Palma de Mallorca
PMK,AU,S,
PMO,IT,L,Palermo
PMQ,AR,M,Perito Moreno
PMR,NZ,M,Palmerston North
PMV,VE,L,Isla Margarita
PMW,BR,M,Palmas
PMY,AR,M,Puerto Madryn
PNA,ES,M,Pamplona
PND,BZ,S,Punta Gorda
PNI,FM,M,Pohnpei Island
PNK,ID,L,Pontianak
PNL,IT,M,Pantelleria (TP)
PNP,PG,M,Popondetta
PNQ,IN,L,Pune
PNR,CG,L,Pointe Noire
PNS,US,L,Pensacola
PNT,CL,M,Puerto Natales
PNY,IN,M,Puducherry (Pondicherry)
PNZ,BR,M,Petrolina
POA,BR,L,Porto Alegre
POG,GA,L,Port Gentil
POL,MZ,M,Pemba
POM,PG,L,Port Moresby
POP,DO,M,Puerto Plata
POR,FI,M,Pori
POS,TT,L,Port of Spain
POZ,PL,L,Poznań
PPB,BR,M,Presidente Prudente
PPE,MX,S,Puerto Peñasco
PPG,AS,L,Pago Pago
PPK,KZ,L,Petropavl
PPN,CO,M,Popayán
PPP,AU,M,Proserpine
PPS,PH,L,Puerto Princesa
PPT,PF,L,Papeete
PPW,GB,S,"Papa Westray, Orkney Islands"
PQC,VN,L,Phu Quoc Island
PQI,US,M,Presque Isle
PQQ,AU,M,Port Macquarie
PQS,US,S,Pilot Station
PRA,AR,M,Parana
PRC,US,M,Prescott
PRG,CZ,L,Prague
PRI,SC,M,Praslin Island
PRM,PT,M,Portimão
PRN,XK,L,Prishtina
PSA,IT,L,Pisa (PI)
PSC,US,M,Pasco
PSD,EG,L,Port Said
PSE,PR,M,Ponce
PSG,US,M,Petersburg
PSM,US,M,Portsmouth
PSO,CO,M,Chachagüí
PSP,US,L,Palm Springs
PSR,IT,L,Pescara
PSS,AR,M,Posadas
PSU,ID,M,Putussibau-Borneo Island
PSY,FK,S,Stanley
PSZ,BO,M,Puerto Suárez
PTA,US,S,Port Alsworth
PTF,FJ,S,Malolo Lailai Island
PTG,ZA,L,Polokwane
PTH,US,M,Port Heiden
PTJ,AU,M,
PTO,BR,S,Pato Branco
PTP,GP,L,Pointe-à-Pitre
PTU,US,M,Platinum
PTY,PA,L,Tocumen
PUB,US,M,Pueblo
PUD,AR,M,Puerto Deseado
PUF,FR,M,Pau/Pyrénées (Uzein)
PUG,AU,M,
PUJ,DO,L,Punta Cana
PUQ,CL,L,Punta Arenas
PUR,BO,S,Puerto Rico/Manuripi
PUS,KR,L,Busan
PUT,IN,M,Puttaparthi
PUU,CO,M,Puerto Asís
PUW,US,M,Pullman
PUY,HR,L,Pula
PUZ,NI,M,Puerto Cabezas
PVA,CO,M,Providencia
PVD,US,L,Providence/Warwick
PVG,CN,L,Shanghai (Pudong)
PVH,BR,L,Porto Velho
PVK,GR,M,Preveza
PVR,MX,L,Puerto Vallarta
PVU,US,M,Provo
PWE,RU,M,Apapelgino
PWM,US,L,Portland
PWQ,KZ,L,Pavlodar
PXH,AU,S,Mount Eba
PXM,MX,M,Puerto Escondido
PXO,PT,M,Vila Baleira
PXR,TH,M,Surin
PXU,VN,M,Pleiku
PYB,IN,S,Jeypore
PYG,IN,S,Pakyong
PYJ,RU,M,Yakutia
PYK,IR,L,Karaj
PYT,BR,S,Paracatu
PZB,ZA,M,Pietermaritzburg
PZH,PK,M,Fort Sandeman
PZI,CN,M,Panzhihua (Renhe)
PZO,VE,L,Guyana City
PZU,SD,L,Port Sudan
QBC,CA,M,Bella Coola
QOW,NG,M,Owerri
QRO,MX,L,Querétaro
QRW,NG,M,Okpe
QSF,DZ,M,Sétif
QSR,IT,M,Salerno
QSZ,CN,M,Shache
QUO,NG,M,Uyo
RAB,PG,M,Kokopo
RAE,SA,M,Arar
RAH,SA,M,Rafha
RAI,CV,L,Praia
RAJ,IN,M,Rajkot
RAK,MA,L,Marrakesh
RAM,AU,S,
RAO,BR,M,Ribeirão Preto
RAP,US,M,Rapid City
RAR,CK,L,Avarua
RAS,IR,M,Rasht
RBA,MA,L,Rabat
RBB,BR,S,Borba
RBQ,BO,S,Rurrenabaque
RBR,BR,L,Rio Branco
RBV,SB,S,Ramata
RBY,US,M,Ruby
RCB,ZA,M,Richards Bay
RCE,US,S,Roche Harbor
RCH,CO,M,Riohacha
RCM,AU,S,
RDD,US,M,Redding
RDM,US,M,Redmond
RDO,PL,M,Radom
RDP,IN,M,Durgapur
RDU,US,L,Raleigh/Durham
RDV,US,S,Red Devil
RDZ,FR,M,Rodez/Marcillac
REC,BR,L,Recife
REG,IT,M,Reggio Calabria
REL,AR,M,Rawson
REN,RU,M,Orenburg
RER,GT,M,Retalhuleu
RES,AR,L,Resistencia
RET,NO,S,Røst
REU,ES,L,Reus
REW,IN,M,Rewa
REX,MX,M,Reynosa
RFD,US,M,Chicago/Rockford
RFP,PF,M,Uturoa
RGA,AR,M,Rio Grande
RGH,IN,S,Balurghat
RGI,PF,M,
RGL,AR,L,Rio Gallegos
RGN,MM,L,Yangon
RGO,KP,M,Hoemun-ri
RHD,AR,M,Termas de Río Hondo
RHI,US,M,Rhinelander
RHO,GR,L,Rhodes
RHT,CN,S,Badanjilin
RIA,BR,M,Santa Maria
RIB,BO,M,Riberalta
RIC,US,L,Richmond
RIH,PA,S,Río Hato
RIS,JP,M,Rishiri
RIW,US,M,Riverton
RIX,LV,L,Riga
RIY,YE,L,Mukalla(Riyan)
RIZ,CN,M,Rizhao (Donggang)
RJA,IN,M,Madhurapudi
RJH,BD,M,Rajshahi
RJI,IN,S,Rajouri
RJK,HR,L,Rijeka(Omišalj)
RJM,ID,S,Waisai
RJN,IR,M,Rafsanjan
RKD,US,M,Rockland
RKE,DK,M,Roskilde
RKI,ID,S,Sipura Island
RKS,US,M,Rock Springs
RKT,AE,L,Ras Al Khaimah
RKV,IS,M,Reykjavík
RKZ,CN,L,Xigazê (Samzhubzê)
RLG,DE,M,Laage
RLK,CN,M,Bayannur
RMA,AU,M,Roma
RMD,IN,S,Ramagundam
RMF,EG,L,Marsa Alam
RMI,IT,L,Rimini (RN)
RML,LK,L,Colombo
RMO,MD,L,Chişinău
RMP,US,S,Rampart
RMQ,TW,L,Taichung (Qingshui)
RMT,PF,S,Rimatara Island
RMU,ES,L,Corvera
RMZ,RU,M,Tobolsk
RNB,SE,M,Ronneby
RNI,NI,S,Corn Island
RNJ,JP,M,Yoron
RNL,SB,S,Rennell Island
RNN,DK,M,Rønne
RNO,US,L,Reno
RNP,MH,S,Rongelap Island
RNS,FR,M,"Saint-Jacques-de-la-Lande, Ille-et-Vilaine"
ROA,US,M,Roanoke
ROB,LR,L,Monrovia
ROC,US,L,Rochester
ROI,TH,M,Roi Et
ROK,AU,M,Rockhampton
ROO,BR,M,Rondonópolis
ROP,MP,L,Rota Island
ROR,PW,L,Babelthuap Island
ROS,AR,L,Rosario
ROT,NZ,M,Rotorua
ROV,RU,L,Rostov-on-Don
ROW,US,M,Roswell
RPR,IN,M,Raipur
RQA,CN,M,Ruoqiang Town
RQY,IN,M,Shimoga
RRG,MU,M,Port Mathurin
RRJ,BR,M,Rio de Janeiro
RRK,IN,M,Rourkela
RRR,PF,S,Raroia
RRS,NO,M,Røros
RSA,AR,M,Santa Rosa
RSD,BS,M,Rock Sound
RSH,US,S,Russian Mission
RSI,SA,L,Hanak
RST,US,M,Rochester
RSU,KR,M,Yeosu
RSW,US,L,Fort Myers
RTA,FJ,S,Rotuma
RTB,HN,L,Coxen Hole
RTC,IN,M,
RTG,ID,S,"Satar Tacik, Manggarai"
RTI,ID,S,Ba'a - Rote Island
RTM,NL,L,Rotterdam
RUA,UG,M,Arua
RUH,SA,L,Riyadh
RUL,MV,S,Maavaarulu
RUN,RE,L,Sainte-Marie
RUP,IN,S,Rupsi
RUR,PF,M,
RUS,SB,S,Marau
RUT,US,M,Rutland
RVE,CO,S,Saravena
RVK,NO,M,Rørvik
RVN,FI,L,Rovaniemi
RVV,PF,S,
RVY,UY,M,Rivera/Santana do Livramento
RWN,UA,M,Rivne
RXS,PH,M,Roxas City
RYK,PK,M,Rahim Yar Khan
RYO,AR,S,Rio Turbio
RZE,PL,L,Jasionka
RZR,IR,M,Ramsar
RZV,TR,L,Rize
SAB,BQ,M,Zion's Hill
SAF,US,M,Santa Fe
SAG,IN,L,Kakadi
SAH,YE,L,Sanaa
SAI,KH,L,Siem Reap
SAL,SV,L,San Salvador (San Luis Talpa)
SAN,US,L,San Diego
SAP,HN,L,San Pedro Sula
SAQ,BS,M,Andros Island
SAT,US,L,San Antonio
SAV,US,L,Savannah
SAW,TR,L,"Pendik, Istanbul"
SBA,US,M,Santa Barbara
SBD,US,L,San Bernardino
SBH,BL,M,Gustavia
SBN,US,M,South Bend
SBP,US,M,San Luis Obispo
SBR,AU,S,Saibai Island
SBT,RU,M,Sabetta
SBW,MY,M,Sibu
SBY,US,M,Salisbury
SBZ,RO,L,Sibiu
SCC,US,M,Deadhorse
SCE,US,M,State College
SCK,US,M,Stockton
SCL,CL,L,Santiago
SCM,US,S,Scammon Bay
SCN,DE,M,Saarbrücken
SCO,KZ,L,Aktau
SCQ,ES,L,Santiago de Compostela
SCR,SE,L,Malung-Sälen
SCT,YE,M,Mori
SCU,CU,L,Santiago
SCV,RO,L,Suceava
SCW,RU,M,Syktyvkar
SCY,EC,S,Puerto Baquerizo Moreno
SCZ,SB,S,Santa Cruz/Graciosa Bay/Luova
SDD,AO,M,Lubango
SDE,AR,M,Santiago del Estero
SDF,US,L,Louisville
SDG,IR,M,
SDJ,JP,L,Natori
SDK,MY,M,Sandakan
SDL,SE,M,Sundsvall/ Härnösand
SDN,NO,S,Sandane
SDP,US,M,Sand Point
SDQ,DO,L,Santo Domingo
SDR,ES,M,Santander
SDS,JP,M,Sado
SDU,BR,L,Rio de Janeiro
SDW,IN,M,Chipi
SDY,US,M,Sidney
SEA,US,L,Seattle
SEB,LY,M,Sabha
SEK,RU,M,Srednekolymsk
SEN,GB,M,"Southend-on-Sea, Essex"
SET,BR,S,Serra Talhada
SEU,TZ,S,Seronera
SEZ,SC,L,Victoria
SFA,TN,M,Sfax
SFB,US,L,Orlando
SFC,GP,S,St-François
SFG,MF,M,Grand Case
SFJ,GL,M,Kangerlussuaq
SFL,CV,S,São Filipe
SFN,AR,M,Santa Fe
SFO,US,L,San Francisco
SFS,PH,L,Olongapo
SFT,SE,M,Skellefteå
SGC,RU,L,Surgut
SGD,DK,M,Sønderborg
SGF,US,M,Springfield
SGN,VN,L,Ho Chi Minh City
SGO,AU,S,
SGU,US,M,St George
SGY,US,S,Skagway
SHA,CN,L,Shanghai (Minhang)
SHB,JP,M,Nakashibetsu
SHC,ET,S,Shire Inda Selassie
SHD,US,M,Weyers Cave
SHE,CN,L,Shenyang
SHF,CN,S,Shihezi
SHG,US,S,Shungnak
SHH,US,S,Shishmaref
SHI,JP,M,Miyakojima
SHJ,AE,L,Sharjah
SHL,IN,M,Shillong
SHM,JP,M,Shirahama
SHO,SZ,L,Mpaka
SHR,US,M,Sheridan
SHS,CN,M,Jingzhou (Shashi)
SHV,US,M,Shreveport
SHW,SA,M,Sharurah
SHY,TZ,S,Shinyanga
SID,CV,L,Espargos
SIF,NP,S,Simara
SIG,PR,M,San Juan
SIH,NP,S,Silgadi Doti
SIN,SG,L,Singapore
SIP,UA,L,Simferopol
SIS,ZA,M,Sishen
SIT,US,M,Sitka
SJC,US,L,San Jose
SJD,MX,L,San José del Cabo
SJE,CO,M,San José Del Guaviare
SJI,PH,M,San Jose
SJJ,BA,L,Sarajevo
SJK,BR,M,São José Dos Campos
SJL,BR,M,São Gabriel da Cachoeira
SJO,CR,L,San José (Alajuela)
SJP,BR,M,São José do Rio Preto
SJT,US,M,San Angelo
SJU,PR,L,San Juan
SJW,CN,L,Shijiazhuang
SJZ,PT,M,Velas
SKB,KN,L,Basseterre
SKD,UZ,L,Samarkand
SKG,GR,L,Thessaloniki
SKH,NP,S,Surkhet
SKK,US,S,Shaktoolik
SKN,NO,M,Hadsel
SKO,NG,L,Sokoto
SKP,MK,L,Ilinden
SKT,PK,L,Sialkot
SKU,GR,S,Skiros Island
SKX,RU,L,Saransk
SKZ,PK,M,Sukkur
SLA,AR,L,Salta
SLC,US,L,Salt Lake City
SLD,SK,M,Sliač
SLE,US,M,Salem
SLH,VU,S,Sola
SLI,ZM,S,Solwesi
SLK,US,M,Saranac Lake
SLL,OM,L,Salalah
SLM,ES,M,Salamanca
SLN,US,M,Salina
SLP,MX,M,San Luis Potosí
SLQ,US,S,Sleetmute
SLU,LC,M,Castries
SLV,IN,S,Jubbarhatti
SLW,MX,M,Saltillo
SLX,TC,S,Salt Cay
SLY,RU,M,Salekhard
SLZ,BR,L,São Luís
SMA,PT,M,Vila do Porto
SMF,US,L,Sacramento
SMI,GR,M,Samos Island
SMK,US,S,St Michael
SML,BS,M,Stella Maris
SMN,US,M,Salmon
SMQ,ID,S,Sampit
SMR,CO,M,Santa Marta
SMS,MG,M,Vohilava
SMT,BR,S,Sorriso
SMW,EH,M,Smara
SMX,US,M,Santa Maria
SNA,US,L,Santa Ana
SNB,AU,M,Milikapiti
SNC,EC,L,Salinas/La Libertad
SNE,CV,M,Preguiça
SNN,IE,L,Shannon
SNO,TH,M,
SNP,US,M,St Paul Island
SNR,FR,M,Saint-Nazaire/Montoir
SNU,CU,L,Santa Clara
SNV,VE,M,Santa Elena de Uairén
SNW,MM,M,Thandwe
SNX,IR,S,Semnan
SOB,HU,M,Sármellék
SOC,ID,L,Surakarta
SOD,BR,S,Sorocaba
SOF,BG,L,Sofia
SOG,NO,S,Sogndal
SOJ,NO,M,Sørkjosen
SOM,VE,M,El Tigre
SON,VU,M,Luganville
SOQ,ID,M,Sorong
SOU,GB,M,Southampton
SOV,US,S,Seldovia
SOW,US,M,Show Low
SOY,GB,S,Stronsay
SPC,ES,M,"Sta Cruz de la Palma, La Palma Island"
SPD,BD,M,Saidpur
SPI,US,M,Springfield
SPN,MP,M,"I Fadang, Saipan"
SPP,AO,M,Menongue
SPR,BZ,M,San Pedro
SPS,US,M,Wichita Falls
SPU,HR,L,Split
SPX,EG,L,Al Jiza
SPY,CI,M,
SQD,CN,M,Shangrao (Hengfeng)
SQG,ID,M,Sintang
SQJ,CN,M,Sanming (Sha)
SQL,US,M,San Carlos
SRA,BR,S,Santa Rosa
SRE,BO,L,Sucre
SRG,ID,L,Semarang
SRL,MX,S,Mulegé
SRP,NO,M,Leirvik
SRQ,US,L,Sarasota/Bradenton
SRT,UG,M,Soroti
SRV,US,S,Stony River
SRY,IR,M,Sari
SRZ,BO,M,Santa Cruz
SSA,BR,L,Salvador
SSE,IN,M,Solapur
SSG,GQ,L,Malabo
SSH,EG,L,Sharm El Sheikh
SSJ,NO,M,Alstahaug
SSR,VU,S,Pentecost Island
SST,AR,M,Santa Teresita
SSW,US,S,Friday Harbor
SSY,AO,M,Mbanza Congo
STC,US,M,Saint Cloud
STD,VE,M,Santo Domingo
STG,US,M,St George
STI,DO,L,Santiago
STL,US,L,St Louis
STM,BR,M,Santarém
STN,GB,L,"London, Essex"
STR,DE,L,Stuttgart
STS,US,M,Santa Rosa
STT,VI,L,Charlotte Amalie
STV,IN,L,Surat
STW,RU,M,Stavropol
STX,VI,M,Christiansted
SUB,ID,L,Surabaya
SUF,IT,L,Lamezia Terme (CZ)
SUG,PH,M,Surigao City
SUI,GE,M,Sukhumi
SUJ,RO,M,Satu Mare
SUK,RU,S,Batagay-Alyta
SUN,US,M,Hailey
SUR,CA,S,Summer Beaver
SUV,FJ,L,Nausori
SUX,US,M,Sioux City
SUY,RU,S,Suntar
SVA,US,M,Savoonga
SVB,MG,M,Sambava
SVC,US,M,Silver City
SVD,VC,L,Kingstown
SVG,NO,L,Stavanger
SVI,CO,M,San Vicente Del Caguán
SVJ,NO,M,Svolvær
SVL,FI,M,Savonlinna
SVO,RU,L,Moscow
SVQ,ES,L,Seville
SVS,US,S,Stevens Village
SVU,FJ,S,Savusavu
SVX,RU,L,Yekaterinburg
SVZ,VE,M,San Antonio del Tachira
SWA,CN,L,Jieyang (Rongcheng)
SWF,US,M,Newburgh
SWL,PH,S,San Vicente
SWN,IN,S,Sherpur Naqeebpur
SWO,US,M,Stillwater
SWQ,ID,S,Sumbawa Besar
SWX,BW,S,Shakawe
SXB,FR,L,Strasbourg
SXK,ID,S,Saumlaki-Yamdena Island
SXM,SX,L,Sint Maarten
SXP,US,S,Nunam Iqua
SXR,IN,L,Srinagar
SXV,IN,M,Salem
SYD,AU,L,Sydney (Mascot)
SYM,CN,S,Pu'er
SYO,JP,M,Shonai
SYQ,CR,M,San Jose
SYR,US,L,Syracuse
SYS,RU,M,Saskylakh
SYU,AU,S,Sue Islet
SYX,CN,L,Sanya (Tianya)
SYY,GB,M,"Stornoway, Western Isles"
SYZ,IR,L,Shiraz
SZA,AO,M,Soyo
SZB,MY,L,Subang
SZE,ET,S,Semera
SZF,TR,M,Samsun
SZG,AT,L,Salzburg
SZH,CN,M,Shuozhou
SZI,KZ,S,Zaysan
SZK,ZA,M,Skukuza
SZX,CN,L,Shenzhen
SZY,PL,M,Szymany
SZZ,PL,L,Szczecin(Glewice)
TAB,TT,L,Scarborough
TAC,PH,M,Tacloban City
TAE,KR,L,Daegu
TAG,PH,L,Panglao
TAH,VU,M,Tanna Island
TAI,YE,M,Taiz
TAK,JP,L,Takamatsu
TAL,US,S,Tanana
TAM,MX,M,Ciudad Madero
TAO,CN,L,Qingdao (Jiaozhou)
TAP,MX,M,Tapachula
TAS,UZ,L,Tashkent
TAT,SK,M,Poprad
TAY,EE,M,Tartu
TAZ,TM,L,Daşoguz
TBB,VN,M,Tuy Hoa
TBG,PG,S,Tabubil
TBH,PH,M,Tablas Island
TBI,BS,M,Cat Island
TBJ,TN,M,Tabarka
TBM,ID,S,Tumbang Samba-Borneo Island
TBN,US,M,Fort Leonard Wood
TBO,TZ,S,Tabora
TBP,PE,M,Tumbes
TBS,GE,L,Tbilisi
TBT,BR,M,Tabatinga
TBU,TO,L,Nuku'alofa
TBZ,IR,L,Tabriz
TCA,AU,M,Tennant Creek
TCB,BS,M,Treasure Cay
TCD,CO,S,Tarapacá
TCG,CN,S,Tacheng
TCO,CO,M,Tumaco
TCP,EG,M,Taba
TCQ,PE,M,Tacna
TCR,IN,S,Vagaikulam
TCT,US,S,Takotna
TCZ,CN,M,Baoshan (Tengchong)
TDD,BO,M,Trinidad
TDK,KZ,M,Taldykorgan
TDS,PG,S,Sasereme
TDX,TH,M,Laem Ngop
TEB,US,M,Teterboro
TEE,DZ,M,Tébessi
TEI,IN,S,Tezu
TEK,US,S,Tatitlek
TEN,CN,M,Tongren (Daxing)
TEQ,TR,M,Çorlu
TER,PT,M,Praia da Vitória
TET,MZ,L,Tete
TEX,US,M,Telluride
TEZ,IN,M,
TFF,BR,M,Tefé
TFI,PG,S,Tufi
TFN,ES,L,Tenerife
TFS,ES,L,Tenerife
TFU,CN,L,Chengdu (Jianyang)
TGD,ME,L,Podgorica
TGG,MY,M,Kuala Terengganu
TGH,VU,S,Tongoa Island
TGJ,NC,M,Tiga
TGK,RU,M,Taganrog
TGM,RO,M,Recea
TGO,CN,M,Tongliao
TGQ,BR,S,Tangará da Serra
TGR,DZ,M,Touggourt
TGT,TZ,M,Tanga
TGU,HN,M,Tegucigalpa
TGZ,MX,M,Tuxtla Gutiérrez
THD,VN,S,Thanh Hóa
THE,BR,M,Teresina
THG,AU,M,Biloela
THL,MM,M,Tachileik
THN,SE,M,Trollhättan
THO,IS,S,Þórshöfn
THQ,CN,M,Tianshui (Maiji)
THR,IR,L,Tehran
THS,TH,M,
THU,GL,M,Pituffik
THX,RU,S,Turukhansk
TIA,AL,L,Rinas
TIE,ET,S,Tippi
TIF,SA,L,Taif
TIH,PF,M,Tuherahera
TIJ,MX,L,Tijuana
TIM,ID,M,Timika
TIN,DZ,M,Tindouf
TIQ,MP,M,Tinian Island
TIR,IN,L,Tirupati
TIU,NZ,M,
TIV,ME,M,Tivat
TIW,US,M,Tacoma
TIZ,PG,S,Tari
TJA,BO,M,Tarija
TJG,ID,M,Tanta-Tabalong
TJH,JP,M,Toyooka
TJK,TR,M,Tokat
TJL,BR,S,Três Lagoas
TJM,RU,L,Tyumen
TJQ,ID,S,Tanjung Pandan
TJS,ID,S,Tanjung Selor-Borneo Island
TJU,TJ,L,Kulob
TJV,IN,S,Thanjavur
TKD,GH,M,Sekondi-Takoradi
TKF,US,M,Truckee
TKG,ID,M,Bandar Lampung
TKJ,US,S,Tok
TKK,FM,L,Weno Island
TKM,RU,S,Taksimo
TKN,JP,M,Amagi
TKP,PF,M,
TKQ,TZ,S,Kigoma
TKS,JP,L,Tokushima
TKU,FI,L,Turku
TKV,PF,S,Tatakoto
TKX,PF,M,
TLA,US,S,Teller
TLC,MX,L,Toluca
TLE,MG,M,Toliara
TLH,US,M,Tallahassee
TLI,ID,S,Toli Toli-Celebes Island
TLL,EE,L,Tallinn
TLM,DZ,L,Zenata
TLN,FR,M,"Hyères, Var"
TLQ,CN,M,Turpan
TLS,FR,L,Toulouse/Blagnac
TLT,US,S,Tuluksak
TLU,CO,S,Santiago de Tolú
TLV,IL,L,Tel Aviv
TLY,RU,S,Plastun
TMC,ID,S,Radamata
TME,CO,M,Tame
TMF,MV,S,Thimarafushi
TMG,MY,S,Tomanggong
TMH,ID,M,Tanah Merah
TMI,NP,S,Tumling Tar
TMJ,UZ,M,Termez
TML,GH,L,Tamale
TMM,MG,L,Toamasina
TMP,FI,L,Tampere / Pirkkala
TMR,DZ,L,Tamanrasset
TMS,ST,L,São Tomé
TMT,BR,M,Oriximiná
TMW,AU,M,Tamworth
TMX,DZ,M,Timimoun
TNA,CN,L,Jinan (Licheng)
TNC,US,S,Tin City
TND,CU,M,Trinidad
TNE,JP,M,Tanegashima
TNG,MA,L,Tangier
TNH,CN,M,Tonghua
TNI,IN,S,
TNJ,ID,M,Tanjung Pinang-Bintan Island
TNK,US,S,Tununak
TNN,TW,L,Tainan (Rende)
TNR,MG,L,Antananarivo
TOD,MY,M,Tioman Island
TOE,TN,M,Tozeur
TOF,RU,L,Tomsk
TOG,US,S,Togiak Village
TOL,US,M,Toledo
TOM,ML,L,Timbuktu
TOS,NO,L,Tromsø
TOU,NC,M,Touho
TOW,BR,S,Toledo
TOY,JP,M,Toyama
TPA,US,L,Tampa
TPE,TW,L,Taoyuan
TPI,PG,S,Tapini
TPJ,NP,M,Taplejung
TPP,PE,M,Tarapoto
TPQ,MX,M,Tepic
TPS,IT,M,Trapani (TP)
TQO,MX,L,Tulum
TRA,JP,M,Tarama
TRC,MX,M,Torreón
TRD,NO,L,Trondheim
TRE,GB,M,"Balemartine, Argyll and Bute"
TRF,NO,L,Sandefjord(Torp)
TRG,NZ,M,Tauranga
TRI,US,M,Blountville
TRK,ID,M,Tarakan
TRN,IT,L,Caselle Torinese (TO)
TRR,LK,M,Trincomalee
TRS,IT,L,Ronchi dei Legionari/Trieste
TRT,ID,M,Toraja
TRU,PE,L,Trujillo
TRV,IN,L,Thiruvananthapuram
TRW,KI,L,South Tarawa
TRZ,IN,L,Tiruchirappalli
TSA,TW,L,Taipei (Songshan)
TSF,IT,L,Treviso (TV)
TSJ,JP,M,Tsushima
TSM,US,M,Taos
TSN,CN,L,Tianjin
TSR,RO,L,Timişoara
TST,TH,M,Trang
TSV,AU,M,Townsville
TTA,MA,M,Tan Tan
TTE,ID,M,Ternate
TTJ,JP,M,Tottori
TTN,US,M,Ewing Township
TTS,MG,S,Tsaratanana
TTT,TW,M,Taitung City
TTU,MA,L,Tétouan
TUA,EC,M,Tulcán
TUB,PF,M,
TUC,AR,L,San Miguel de Tucumán
TUF,FR,M,"Tours, Indre-et-Loire"
TUG,PH,M,Tuguegarao City
TUI,SA,M,Turaif
TUK,PK,L,Turbat
TUL,US,L,Tulsa
TUN,TN,L,Tunis
TUO,NZ,M,Taupo
TUP,US,M,Tupelo
TUR,BR,M,Tucuruí
TUS,US,L,Tucson
TUU,SA,L,Tabuk
TVC,US,M,Traverse City
TVF,US,M,Thief River Falls
TVS,CN,S,Tangshan (Fengrun)
TVT,UZ,M,Tashkent
TVU,FJ,S,Matei
TVY,MM,M,Dawei
TWA,US,S,Twin Hills
TWC,CN,S,Tumxuk
TWF,US,M,Twin Falls
TWT,PH,M,Bongao
TWU,MY,M,Tawau
TXE,ID,M,Takengon
TXK,US,M,Texarkana
TXN,CN,L,Huangshan
TYF,SE,M,Torsby
TYL,PE,M,Talara
TYN,CN,L,Taiyuan
TYR,US,M,Tyler
TYS,US,L,Knoxville/Maryville
TZA,BZ,M,Belize City
TZL,BA,L,Dubrave Gornje
TZN,BS,M,Andros
TZX,TR,M,Trabzon
UAH,PF,S,Ua Huka
UAI,TL,M,Suai
UAP,PF,S,Ua Pou
UAQ,AR,M,San Juan
UAR,MA,M,Bouarfa
UBA,BR,M,Uberaba
UBB,AU,S,Mabuiag Island
UBJ,JP,M,Ube
UBN,MN,L,Ulaanbaatar (Sergelen)
UBP,TH,M,Ubon Ratchathani
UCB,CN,M,Ulanqab
UCT,RU,M,Ukhta
UDI,BR,M,Uberlândia
UDJ,UA,L,Uzhhorod
UDR,IN,M,Udaipur
UEL,MZ,M,Quelimane
UEO,JP,M,Kumejima
UET,PK,L,Quetta
UFA,RU,L,Ufa
UGA,MN,M,Bulgan
UGC,UZ,L,Urgench
UGU,ID,M,Bilogai
UIB,CO,M,Quibdó
UIH,VN,M,Quy Nohn
UII,HN,S,Utila Island
UIN,US,M,Quincy
UIO,EC,L,Quito
UIT,MH,S,Jabor Jaluit Atoll
UJE,MH,S,Ujae Atoll
UKB,JP,L,Kobe
UKE,IN,M,Bhawanipatna
UKG,RU,S,Ust-Kuyga
UKK,KZ,L,Ust-Kamenogorsk (Oskemen)
UKX,RU,M,Ust-Kut
ULG,MN,M,Ölgii
ULH,SA,L,Al-Ula
ULK,RU,M,Lensk
ULO,MN,M,Ulaangom
ULP,AU,M,
ULU,UG,M,Gulu
ULV,RU,M,Ulyanovsk
ULY,RU,M,Cherdakly
ULZ,MN,S,Uliastai
UME,SE,L,Umeå
UMS,RU,S,Ust-Maya
UMU,BR,S,Umuarama
UNA,BR,S,Una
UNG,PG,S,Kiunga
UNI,VC,M,Union Island
UNK,US,M,Unalakleet
UNN,TH,M,Ranong
UOL,ID,S,Buol
UPG,ID,L,Makassar
UPN,MX,M,Uruapan
URA,KZ,L,Uralsk
URC,CN,L,Ürümqi
URE,EE,M,Kuressaare
URG,BR,M,Uruguaiana
URJ,RU,M,Uray
URS,RU,M,Kursk
URT,TH,M,Surat Thani
URY,SA,M,Gurayat
USA,US,M,Concord
USH,AR,M,Ushuaia
USJ,KZ,S,Usharal
USK,RU,M,Usinsk
USM,TH,L,Na Thon (Ko Samui Island)
USN,KR,M,Ulsan
USR,RU,M,Ust-Nera
UST,US,M,St Augustine
USU,PH,M,Coron
UTH,TH,L,Udon Thani
UTK,MH,S,Utirik Island
UTN,ZA,M,Upington
UTO,US,M,Utopia Creek
UTP,TH,L,Rayong
UTT,ZA,M,Mthatha
UUA,RU,M,Bugulma
UUD,RU,L,Ulan Ude
UUS,RU,L,Yuzhno-Sakhalinsk
UVE,NC,M,Ouvéa
UVF,LC,L,Vieux Fort
UVI,BR,S,União da Vitória
UYL,SD,M,Nyala
UYN,CN,M,Yulin
UYU,BO,L,Quijarro
UZR,KZ,S,Urzhar
VAA,FI,L,Vaasa
VAI,PG,M,Vanimo
VAK,US,S,Chevak
VAL,BR,S,Valença
VAM,MV,M,Maamigili
VAN,TR,M,Van
VAO,SB,S,Suavanao
VAQ,RU,M,Vanavara
VAR,BG,L,Varna
VAS,TR,M,Sivas
VAV,TO,L,Vava'u Island
VAW,NO,M,Vardø
VBS,IT,M,Montichiari (BS)
VBV,FJ,S,Vanua Balavu
VBY,SE,L,Visby
VCA,VN,L,Can Tho
VCE,IT,L,Venezia (VE)
VCL,VN,S,Tam Nghĩa
VCP,BR,L,Campinas
VCS,VN,M,Con Dao
VCT,US,M,Victoria
VDC,BR,M,Vitória da Conquista
VDE,ES,M,El Hierro Island
VDH,VN,M,Dong Hoi
VDM,AR,M,Viedma / Carmen de Patagones
VDO,VN,M,Van Don
VDS,NO,M,Vadsø
VDY,IN,S,Toranagallu
VDZ,US,M,Valdez
VEE,US,S,Venetie
VEL,US,M,Vernal
VEO,RU,M,Severo-Yeniseysk
VER,MX,L,Veracruz
VFA,ZW,L,Victoria Falls
VGA,IN,L,Vijayawada
VGO,ES,M,Vigo
VHM,SE,M,Vilhelmina
VHV,RU,S,Verkhnevilyuisk
VIE,AT,L,Vienna
VIG,VE,M,El Vigía
VII,VN,M,Vinh
VIJ,VG,M,Spanish Town
VIL,EH,L,Dakhla
VIT,ES,M,Alava
VIX,BR,L,Vitória
VJB,MZ,S,Xai-Xai
VKG,VN,M,Rach Gia
VKO,RU,L,Moscow
VKT,RU,M,Vorkuta
VLC,ES,L,Valencia
VLD,US,M,Valdosta
VLI,VU,L,Port Vila
VLL,ES,M,Valladolid
VLN,VE,L,Valencia
VLS,VU,S,Epi Island
VLV,VE,M,Valera
VMU,PG,M,Baimuru
VNO,LT,L,Vilnius
VNS,IN,L,Varanasi
VNX,MZ,M,Vilanculo
VOG,RU,L,Volgograd
VOL,GR,M,Nea Anchialos
VOZ,RU,M,Voronezh
VPE,AO,M,Ngiva
VPN,IS,M,Vopnafjörður
VPS,US,M,Valparaiso
VPY,MZ,M,Chimoio
VQS,PR,M,Vieques
VRA,CU,L,Matanzas
VRB,US,M,Vero Beach
VRC,PH,M,Virac
VRL,PT,M,Vila Real
VRN,IT,L,Caselle (VR)
VSA,MX,L,Villahermosa
VSE,PT,M,Viseu
VST,SE,L,Stockholm / Västerås
VSV,IN,S,Shravasti
VTE,LA,L,Vientiane
VTU,CU,M,Las Tunas
VTZ,IN,L,Visakhapatnam
VUP,CO,M,Valledupar
VUS,RU,M,Velikiy Ustyug
VVC,CO,M,Villavicencio
VVI,BO,L,Santa Cruz
VVO,RU,L,Artyom
VVZ,DZ,M,Illizi
VXC,MZ,M,Lichinga
VXE,CV,L,São Pedro
VXO,SE,M,Växjö
VYI,RU,M,Vilyuisk
WAA,US,S,Wales
WAE,SA,M,Wadi Al Dawasir
WAG,NZ,M,Wanganui
WAW,PL,L,Warsaw
WBB,US,S,Stebbins
WBM,PG,M,Wapenamanda
WBQ,US,S,Beaver
WDH,NA,L,Windhoek
WDN,US,S,Eastsound
WDS,CN,M,Shiyan (Maojian)
WEF,CN,M,Weifang (Kuiwen)
WEH,CN,M,Weihai
WEI,AU,M,Weipa
WGA,AU,M,Forest Hill
WGC,IN,S,Warangal
WGE,AU,M,
WGN,CN,M,Shaoyang (Wugang)
WGP,ID,S,Waingapu-Sumba Island
WHA,CN,M,Wuhu
WHK,NZ,M,Whakatāne
WIC,GB,M,Wick
WIL,KE,M,Nairobi
WIN,AU,M,
WJR,KE,M,Wajir
WJU,KR,M,Wonju
WKA,NZ,M,Wanaka
WKJ,JP,M,Wakkanai
WKK,US,M,Aleknagik
WLG,NZ,L,Wellington
WLH,VU,S,Walaha
WLK,US,S,Selawik
WLS,WF,L,Wallis Island
WMI,PL,L,Nowy Dwór Mazowiecki
WMN,MG,M,Maroantsetra
WMO,US,S,White Mountain
WMT,CN,M,Zunyi
WMX,ID,M,Wamena
WNA,US,S,Napakiak
WNH,CN,S,Wenshan
WNI,ID,M,Wangi-wangi Island
WNN,CA,S,Wunnumin Lake
WNP,PH,M,Naga
WNR,AU,M,Windorah
WNS,PK,M,Nawabashah
WNZ,CN,L,Wenzhou (Longwan)
WOS,KP,M,Wonsan
WRE,NZ,M,Whangarei
WRG,US,M,Wrangell
WRO,PL,L,Wrocław
WRY,GB,S,"Westray, Orkney Islands"
WSK,CN,S,Wushan
WSN,US,S,South Naknek
WST,US,M,Westerly
WSZ,NZ,M,Westport
WTA,MG,S,Tambohorano
WTB,AU,L,Toowoomba
WTE,MH,S,Wotje
WTK,US,S,Noatak
WTL,US,S,Tuntutuliak
WTO,MH,S,Wotho Island
WUA,CN,M,Wuhai
WUH,CN,L,Wuhan (Huangpi)
WUN,AU,M,
WUS,CN,M,Wuyishan
WUT,CN,S,Xinzhou
WUU,SS,M,Wau
WUX,CN,L,Wuxi
WUZ,CN,M,Tangbu
WVB,NA,L,Walvis Bay(Rooikop)
WWK,PG,M,Wewak
WWT,US,S,Mertarvik
WXN,CN,S,Wanzhou
WYA,AU,M,Whyalla
WYS,US,M,West Yellowstone
XAI,CN,M,Xinyang
XAP,BR,M,Chapecó
XBE,CA,S,Bearskin Lake
XBJ,IR,L,Birjand
XCH,CX,M,Flying Fish Cove
XCR,FR,M,Chalons en Champagne
XFN,CN,M,Xiangyang (Xiangzhou)
XGR,CA,S,Kangiqsualujjuaq
XIC,CN,M,Liangshan (Xichang)
XIL,CN,M,Xilinhot
XIY,CN,L,Xi'an
XKH,LA,S,Xieng Khouang
XKS,CA,M,Kasabonika
XLB,CA,S,Lac Brochet
XMH,PF,M,
XMN,CN,L,Xiamen
XMS,EC,M,Macas
XMY,AU,S,Yam Island
XNA,US,M,Fayetteville/Springdale/Rogers
XNN,CN,L,Haidong (Huzhu Tu Autonomous County)
XPK,CA,S,Pukatawagan
XPL,HN,L,Palmerola
XQP,CR,M,Quepos
XQU,CA,M,Qualicum Beach
XRY,ES,M,Jerez de la Frontera
XSC,TC,M,South Caicos
XSI,CA,S,South Indian Lake
XSP,SG,M,Seletar
XTG,AU,M,Thargomindah
XTL,CA,S,Tadoule Lake
XUZ,CN,M,Xuzhou
XWA,US,M,Williston
XYA,SB,S,Yandina
YAA,CA,M,Anahim Lake
YAB,CA,S,Arctic Bay
YAC,CA,S,Cat Lake
YAG,CA,M,Fort Frances
YAK,US,M,Yakutat
YAL,CA,S,Alert Bay
YAM,CA,M,Sault Ste Marie
YAP,FM,L,Yap Island
YAS,FJ,S,Yasawa Island
YAT,CA,S,Attawapiskat
YAX,CA,S,Angling Lake
YAY,CA,M,St. Anthony
YAZ,CA,M,Tofino
YBB,CA,S,Kugaaruk
YBC,CA,M,Baie-Comeau
YBE,CA,S,Uranium City
YBG,CA,M,Saguenay
YBI,CA,S,Black Tickle
YBK,CA,M,Baker Lake
YBL,CA,M,Campbell River
YBP,CN,M,Yibin (Cuiping)
YBR,CA,M,Brandon
YBT,CA,S,Brochet
YBV,CA,S,Berens River
YBX,CA,M,Blanc-Sablon
YBY,CA,M,Bonnyville
YCB,CA,M,Cambridge Bay
YCD,CA,M,Nanaimo
YCG,CA,M,Castlegar
YCK,CA,S,Colville Lake
YCL,CA,M,Charlo
YCM,CA,M,Niagara-on-the-Lake
YCO,CA,S,Kugluktuk
YCR,CA,S,Cross Lake
YCS,CA,S,Chesterfield Inlet
YCU,CN,L,Yuncheng (Yanhu)
YCY,CA,S,Clyde River
YDA,CA,M,Dawson City
YDF,CA,M,Deer Lake
YDL,CA,S,Dease Lake
YDN,CA,M,Dauphin
YDP,CA,S,Nain
YDV,CA,S,Bloodvein River
YEG,CA,L,Edmonton
YEI,TR,M,Yenişehir
YEK,CA,S,Arviat
YER,CA,S,Fort Severn
YEV,CA,M,Inuvik
YFA,CA,S,Fort Albany
YFB,CA,M,Iqaluit
YFC,CA,M,Fredericton
YFH,CA,S,Fort Hope
YFJ,CA,S,Wekweètì
YFO,CA,S,Flin Flon
YFS,CA,M,Fort Simpson
YFX,CA,S,St. Lewis
YGH,CA,S,Fort Good Hope
YGJ,JP,M,Yonago
YGL,CA,M,La Grande Rivière
YGO,CA,S,Gods Lake Narrows
YGP,CA,M,Gaspé
YGR,CA,M,Les Îles-de-la-Madeleine
YGT,CA,S,Igloolik
YGV,CA,M,Havre-Saint-Pierre
YGW,CA,M,Kuujjuarapik
YGX,CA,S,Gillam
YGZ,CA,S,Grise Fiord
YHA,CA,S,Port Hope Simpson
YHG,CA,S,Charlottetown
YHI,CA,S,Ulukhaktok
YHK,CA,S,Gjoa Haven
YHM,CA,M,Hamilton
YHO,CA,S,Hopedale
YHP,CA,S,Poplar Hill
YHR,CA,S,Chevery
YHU,CA,M,Montréal
YHY,CA,M,Hay River
YHZ,CA,L,Halifax
YIA,ID,L,Yogyakarta
YIC,CN,M,Yichun
YIE,CN,M,Arxan
YIF,CA,M,St-Augustin
YIH,CN,M,Yichang (Xiaoting)
YIK,CA,S,Ivujivik
YIN,CN,M,Ili (Yining / Ghulja)
YIO,CA,S,Pond Inlet
YIV,CA,M,Island Lake
YIW,CN,L,Yiwu/Jinhua
YJT,CA,M,Stephenville
YKA,CA,M,Kamloops
YKF,CA,M,Breslau
YKG,CA,S,Kangirsuk
YKH,CN,M,Yingkou (Laobian)
YKL,CA,M,Schefferville
YKM,US,M,Yakima
YKO,TR,M,Hakkari
YKQ,CA,S,Waskaganish
YKS,RU,L,Yakutsk
YKU,CA,S,Chisasibi
YLC,CA,S,Kimmirut
YLE,CA,S,Whatì
YLH,CA,S,Lansdowne House
YLK,CA,M,Barrie
YLL,CA,M,Lloydminster
YLW,CA,L,Kelowna
YLX,CN,M,Yulin
YMH,CA,S,Mary's Harbour
YMM,CA,M,Fort McMurray
YMN,CA,S,Makkovik
YMO,CA,M,Moosonee
YMP,CA,S,Port McNeill
YMS,PE,M,Yurimaguas
YMT,CA,M,Chibougamau
YMX,CA,M,Montréal
YNA,CA,M,Natashquan
YNB,SA,L,Yanbu
YNC,CA,S,Wemindji
YND,CA,M,Gatineau
YNE,CA,S,Norway House
YNJ,CN,M,Yanji
YNL,CA,M,Points North Landing
YNO,CA,S,North Spirit Lake
YNP,CA,S,Natuashish
YNS,CA,S,Nemiscau
YNT,CN,L,Yantai
YNY,KR,L,Gonghang-ro
YNZ,CN,L,Yancheng (Tinghu)
YOC,CA,S,Old Crow
YOG,CA,S,Ogoki Post
YOH,CA,S,Oxford House
YOJ,CA,M,High Level
YOL,NG,M,Yola
YON,BT,S,Yongphulla
YOW,CA,L,Ottawa
YPA,CA,M,Prince Albert
YPC,CA,S,Paulatuk
YPE,CA,M,Peace River
YPH,CA,S,Inukjuak
YPJ,CA,S,Aupaluk
YPL,CA,M,Pickle Lake
YPM,CA,S,Pikangikum
YPN,CA,M,Port-Menier
YPO,CA,S,Peawanuck
YPQ,CA,M,Peterborough
YPR,CA,M,Prince Rupert
YPW,CA,M,Powell River
YPX,CA,M,Puvirnituq
YPY,CA,M,Fort Chipewyan
YPZ,CA,M,Burns Lake
YQA,CA,M,Gravenhurst
YQB,CA,L,Quebec
YQC,CA,S,Quaqtaq
YQD,CA,M,The Pas
YQG,CA,M,Windsor
YQH,CA,M,Watson Lake
YQK,CA,M,Kenora
YQL,CA,M,Lethbridge
YQM,CA,M,Moncton
YQN,CA,M,Nakina
YQQ,CA,M,Comox
YQR,CA,M,Regina
YQT,CA,M,Thunder Bay
YQU,CA,M,Grande Prairie
YQX,CA,M,Gander
YQY,CA,M,Sydney
YQZ,CA,M,Quesnel
YRA,CA,S,Gamètì
YRB,CA,M,Resolute Bay
YRF,CA,S,Cartwright
YRG,CA,S,Rigolet
YRJ,CA,M,Roberval
YRL,CA,M,Red Lake
YRO,CA,M,Ottawa
YRS,CA,S,Red Sucker Lake
YRT,CA,M,Rankin Inlet
YSB,CA,M,Sudbury
YSF,CA,M,Stony Rapids
YSG,CA,S,Lutselk'e
YSJ,CA,M,Saint John
YSK,CA,S,Sanikiluaq
YSL,CA,M,Saint-Léonard
YSM,CA,M,Fort Smith
YSO,CA,S,Postville
YSQ,CN,M,Qian Gorlos Mongol Autonomous County
YST,CA,S,St. Theresa Point
YSY,CA,S,Sachs Harbour
YTE,CA,S,Kinngait
YTH,CA,M,Thompson
YTL,CA,S,Big Trout Lake
YTQ,CA,S,Tasiujaq
YTS,CA,M,Timmins
YTW,CN,S,Hotan (Yutian)
YTY,CN,M,Yangzhou
YTZ,CA,M,Toronto
YUD,CA,S,Umiujaq
YUL,CA,L,Montréal
YUM,US,M,Yuma
YUS,CN,M,Yushu (Batang)
YUT,CA,S,Repulse Bay
YUX,CA,M,Sanirajak
YUY,CA,M,Rouyn-Noranda
YVB,CA,M,Bonaventure
YVC,CA,M,La Ronge
YVM,CA,S,Qikiqtarjuaq
YVO,CA,M,Val-d'Or
YVP,CA,M,Kuujjuaq
YVQ,CA,M,Norman Wells
YVR,CA,L,Vancouver
YVV,CA,M,Wiarton
YVZ,CA,S,Deer Lake
YWB,CA,S,Kangiqsujuaq
YWG,CA,L,Winnipeg
YWJ,CA,S,Déline
YWK,CA,M,Wabush
YWL,CA,M,Williams Lake
YWM,CA,S,Williams Harbour
YWP,CA,S,Webequie
YXC,CA,M,Cranbrook
YXE,CA,L,Saskatoon
YXH,CA,M,Medicine Hat
YXJ,CA,M,Fort Saint John
YXK,CA,M,Rimouski
YXL,CA,M,Sioux Lookout
YXN,CA,S,Whale Cove
YXP,CA,S,Pangnirtung
YXS,CA,M,Prince George
YXT,CA,M,Terrace
YXU,CA,M,London
YXX,CA,M,Abbotsford
YXY,CA,M,Whitehorse
YYA,CN,M,Yueyang (Yueyanglou)
YYB,CA,M,North Bay
YYC,CA,L,Calgary
YYD,CA,M,Smithers
YYE,CA,M,Fort Nelson
YYF,CA,M,Penticton
YYG,CA,M,Charlottetown
YYH,CA,S,Taloyoak
YYJ,CA,L,Victoria
YYL,CA,M,Lynn Lake
YYQ,CA,M,Churchill
YYR,CA,M,Goose Bay
YYT,CA,L,St. John's
YYY,CA,M,Mont-Joli
YYZ,CA,L,Toronto
YZF,CA,M,Yellowknife
YZG,CA,S,Salluit
YZP,CA,M,Sandspit
YZS,CA,M,Coral Harbour
YZT,CA,M,Port Hardy
YZU,CA,M,Whitecourt
YZV,CA,M,Sept-Îles
YZY,CN,M,Zhangye (Ganzhou)
YZZ,CA,S,Trail
ZAD,HR,L,Zadar
ZAG,HR,L,Velika Gorica
ZAH,IR,L,Zahedan
ZAL,CL,M,Valdivia
ZAM,PH,L,Zamboanga
ZAT,CN,M,Zhaotong
ZAZ,ES,L,Zaragoza
ZBF,CA,M,South Tetagouche
ZBR,IR,M,Konarak
ZCL,MX,M,Zacatecas
ZCO,CL,L,Temuco
ZDY,AE,S,Delma Island
ZEL,CA,M,Bella Bella
ZEM,CA,S,Eastmain River
ZER,IN,M,Ziro
ZFD,CA,S,Fond-du-Lac
ZFL,CN,S,Zhaosu
ZFM,CA,S,Fort Mcpherson
ZFN,CA,S,Tulita
ZGI,CA,S,Gods River
ZGS,CA,S,Le Golfe-du-Saint-Laurent
ZHA,CN,L,Zhanjiang
ZHY,CN,M,Zhongwei (Shapotou)
ZIA,RU,L,Moscow
ZIG,SN,M,Ziguinchor
ZIH,MX,L,Ixtapa
ZIX,RU,M,Zhigansk
ZKE,CA,S,Kashechewan
ZKP,RU,M,Zyryanka
ZLO,MX,M,Manzanillo
ZLT,CA,S,La Tabatière
ZMT,CA,M,Masset
ZND,NE,M,Zinder
ZNE,AU,M,Newman
ZNZ,TZ,L,Zanzibar
ZOS,CL,M,Osorno
ZPB,CA,S,Sachigo Lake
ZPC,CL,S,Pucon
ZQN,NZ,L,Queenstown
ZQZ,CN,M,Zhangjiakou
ZRH,CH,L,Zurich
ZRJ,CA,S,Round Lake
ZSA,BS,L,San Salvador
ZSE,RE,L,Saint-Pierre
ZSJ,CA,M,Sandy Lake
ZTB,CA,S,Tête-à-la-Baleine
ZTH,GR,M,Zakynthos
ZTM,CA,S,Shamattawa
ZUH,CN,L,Zhuhai (Jinwan)
ZUM,CA,S,Churchill Falls
ZWL,CA,S,Wollaston Lake
ZYI,CN,M,Zunyi
ZYL,BD,L,Sylhet
